[{"pk": 22, "model": "auth.permission", "fields": {"codename": "add_logentry", "name": "Can add log entry", "content_type": 8}}, {"pk": 23, "model": "auth.permission", "fields": {"codename": "change_logentry", "name": "Can change log entry", "content_type": 8}}, {"pk": 24, "model": "auth.permission", "fields": {"codename": "delete_logentry", "name": "Can delete log entry", "content_type": 8}}, {"pk": 4, "model": "auth.permission", "fields": {"codename": "add_group", "name": "Can add group", "content_type": 2}}, {"pk": 10, "model": "auth.permission", "fields": {"codename": "add_message", "name": "Can add message", "content_type": 4}}, {"pk": 1, "model": "auth.permission", "fields": {"codename": "add_permission", "name": "Can add permission", "content_type": 1}}, {"pk": 7, "model": "auth.permission", "fields": {"codename": "add_user", "name": "Can add user", "content_type": 3}}, {"pk": 5, "model": "auth.permission", "fields": {"codename": "change_group", "name": "Can change group", "content_type": 2}}, {"pk": 11, "model": "auth.permission", "fields": {"codename": "change_message", "name": "Can change message", "content_type": 4}}, {"pk": 2, "model": "auth.permission", "fields": {"codename": "change_permission", "name": "Can change permission", "content_type": 1}}, {"pk": 8, "model": "auth.permission", "fields": {"codename": "change_user", "name": "Can change user", "content_type": 3}}, {"pk": 6, "model": "auth.permission", "fields": {"codename": "delete_group", "name": "Can delete group", "content_type": 2}}, {"pk": 12, "model": "auth.permission", "fields": {"codename": "delete_message", "name": "Can delete message", "content_type": 4}}, {"pk": 3, "model": "auth.permission", "fields": {"codename": "delete_permission", "name": "Can delete permission", "content_type": 1}}, {"pk": 9, "model": "auth.permission", "fields": {"codename": "delete_user", "name": "Can delete user", "content_type": 3}}, {"pk": 37, "model": "auth.permission", "fields": {"codename": "add_category", "name": "Can add category", "content_type": 13}}, {"pk": 38, "model": "auth.permission", "fields": {"codename": "change_category", "name": "Can change category", "content_type": 13}}, {"pk": 39, "model": "auth.permission", "fields": {"codename": "delete_category", "name": "Can delete category", "content_type": 13}}, {"pk": 49, "model": "auth.permission", "fields": {"codename": "add_comment", "name": "Can add comment", "content_type": 17}}, {"pk": 50, "model": "auth.permission", "fields": {"codename": "change_comment", "name": "Can change comment", "content_type": 17}}, {"pk": 51, "model": "auth.permission", "fields": {"codename": "delete_comment", "name": "Can delete comment", "content_type": 17}}, {"pk": 13, "model": "auth.permission", "fields": {"codename": "add_contenttype", "name": "Can add content type", "content_type": 5}}, {"pk": 14, "model": "auth.permission", "fields": {"codename": "change_contenttype", "name": "Can change content type", "content_type": 5}}, {"pk": 15, "model": "auth.permission", "fields": {"codename": "delete_contenttype", "name": "Can delete content type", "content_type": 5}}, {"pk": 31, "model": "auth.permission", "fields": {"codename": "add_academicreference", "name": "Can add academic reference", "content_type": 11}}, {"pk": 28, "model": "auth.permission", "fields": {"codename": "add_author", "name": "Can add author", "content_type": 10}}, {"pk": 25, "model": "auth.permission", "fields": {"codename": "add_item", "name": "Can add item", "content_type": 9}}, {"pk": 34, "model": "auth.permission", "fields": {"codename": "add_profile", "name": "Can add profile", "content_type": 12}}, {"pk": 32, "model": "auth.permission", "fields": {"codename": "change_academicreference", "name": "Can change academic reference", "content_type": 11}}, {"pk": 29, "model": "auth.permission", "fields": {"codename": "change_author", "name": "Can change author", "content_type": 10}}, {"pk": 26, "model": "auth.permission", "fields": {"codename": "change_item", "name": "Can change item", "content_type": 9}}, {"pk": 35, "model": "auth.permission", "fields": {"codename": "change_profile", "name": "Can change profile", "content_type": 12}}, {"pk": 33, "model": "auth.permission", "fields": {"codename": "delete_academicreference", "name": "Can delete academic reference", "content_type": 11}}, {"pk": 30, "model": "auth.permission", "fields": {"codename": "delete_author", "name": "Can delete author", "content_type": 10}}, {"pk": 27, "model": "auth.permission", "fields": {"codename": "delete_item", "name": "Can delete item", "content_type": 9}}, {"pk": 36, "model": "auth.permission", "fields": {"codename": "delete_profile", "name": "Can delete profile", "content_type": 12}}, {"pk": 40, "model": "auth.permission", "fields": {"codename": "add_datarequest", "name": "Can add data request", "content_type": 14}}, {"pk": 41, "model": "auth.permission", "fields": {"codename": "change_datarequest", "name": "Can change data request", "content_type": 14}}, {"pk": 42, "model": "auth.permission", "fields": {"codename": "delete_datarequest", "name": "Can delete data request", "content_type": 14}}, {"pk": 43, "model": "auth.permission", "fields": {"codename": "add_dataset", "name": "Can add data set", "content_type": 15}}, {"pk": 46, "model": "auth.permission", "fields": {"codename": "add_datasetfile", "name": "Can add data set file", "content_type": 16}}, {"pk": 44, "model": "auth.permission", "fields": {"codename": "change_dataset", "name": "Can change data set", "content_type": 15}}, {"pk": 47, "model": "auth.permission", "fields": {"codename": "change_datasetfile", "name": "Can change data set file", "content_type": 16}}, {"pk": 45, "model": "auth.permission", "fields": {"codename": "delete_dataset", "name": "Can delete data set", "content_type": 15}}, {"pk": 48, "model": "auth.permission", "fields": {"codename": "delete_datasetfile", "name": "Can delete data set file", "content_type": 16}}, {"pk": 55, "model": "auth.permission", "fields": {"codename": "add_score", "name": "Can add score", "content_type": 19}}, {"pk": 52, "model": "auth.permission", "fields": {"codename": "add_vote", "name": "Can add vote", "content_type": 18}}, {"pk": 56, "model": "auth.permission", "fields": {"codename": "change_score", "name": "Can change score", "content_type": 19}}, {"pk": 53, "model": "auth.permission", "fields": {"codename": "change_vote", "name": "Can change vote", "content_type": 18}}, {"pk": 57, "model": "auth.permission", "fields": {"codename": "delete_score", "name": "Can delete score", "content_type": 19}}, {"pk": 54, "model": "auth.permission", "fields": {"codename": "delete_vote", "name": "Can delete vote", "content_type": 18}}, {"pk": 70, "model": "auth.permission", "fields": {"codename": "add_geoloc", "name": "Can add geo loc", "content_type": 24}}, {"pk": 71, "model": "auth.permission", "fields": {"codename": "change_geoloc", "name": "Can change geo loc", "content_type": 24}}, {"pk": 72, "model": "auth.permission", "fields": {"codename": "delete_geoloc", "name": "Can delete geo loc", "content_type": 24}}, {"pk": 61, "model": "auth.permission", "fields": {"codename": "add_message", "name": "Can add message", "content_type": 21}}, {"pk": 64, "model": "auth.permission", "fields": {"codename": "add_receivedmessage", "name": "Can add received message", "content_type": 22}}, {"pk": 67, "model": "auth.permission", "fields": {"codename": "add_sentmessage", "name": "Can add sent message", "content_type": 23}}, {"pk": 62, "model": "auth.permission", "fields": {"codename": "change_message", "name": "Can change message", "content_type": 21}}, {"pk": 65, "model": "auth.permission", "fields": {"codename": "change_receivedmessage", "name": "Can change received message", "content_type": 22}}, {"pk": 68, "model": "auth.permission", "fields": {"codename": "change_sentmessage", "name": "Can change sent message", "content_type": 23}}, {"pk": 63, "model": "auth.permission", "fields": {"codename": "delete_message", "name": "Can delete message", "content_type": 21}}, {"pk": 66, "model": "auth.permission", "fields": {"codename": "delete_receivedmessage", "name": "Can delete received message", "content_type": 22}}, {"pk": 69, "model": "auth.permission", "fields": {"codename": "delete_sentmessage", "name": "Can delete sent message", "content_type": 23}}, {"pk": 73, "model": "auth.permission", "fields": {"codename": "add_project", "name": "Can add project", "content_type": 25}}, {"pk": 74, "model": "auth.permission", "fields": {"codename": "change_project", "name": "Can change project", "content_type": 25}}, {"pk": 75, "model": "auth.permission", "fields": {"codename": "delete_project", "name": "Can delete project", "content_type": 25}}, {"pk": 16, "model": "auth.permission", "fields": {"codename": "add_session", "name": "Can add session", "content_type": 6}}, {"pk": 17, "model": "auth.permission", "fields": {"codename": "change_session", "name": "Can change session", "content_type": 6}}, {"pk": 18, "model": "auth.permission", "fields": {"codename": "delete_session", "name": "Can delete session", "content_type": 6}}, {"pk": 19, "model": "auth.permission", "fields": {"codename": "add_site", "name": "Can add site", "content_type": 7}}, {"pk": 20, "model": "auth.permission", "fields": {"codename": "change_site", "name": "Can change site", "content_type": 7}}, {"pk": 21, "model": "auth.permission", "fields": {"codename": "delete_site", "name": "Can delete site", "content_type": 7}}, {"pk": 76, "model": "auth.permission", "fields": {"codename": "add_migrationhistory", "name": "Can add migration history", "content_type": 26}}, {"pk": 77, "model": "auth.permission", "fields": {"codename": "change_migrationhistory", "name": "Can change migration history", "content_type": 26}}, {"pk": 78, "model": "auth.permission", "fields": {"codename": "delete_migrationhistory", "name": "Can delete migration history", "content_type": 26}}, {"pk": 58, "model": "auth.permission", "fields": {"codename": "add_tagging", "name": "Can add tagging", "content_type": 20}}, {"pk": 59, "model": "auth.permission", "fields": {"codename": "change_tagging", "name": "Can change tagging", "content_type": 20}}, {"pk": 60, "model": "auth.permission", "fields": {"codename": "delete_tagging", "name": "Can delete tagging", "content_type": 20}}, {"pk": 1, "model": "auth.user", "fields": {"username": "admin", "first_name": "", "last_name": "", "is_active": true, "is_superuser": false, "is_staff": false, "last_login": "2010-05-12 12:46:54", "groups": [], "user_permissions": [], "password": "sha1$c0564$2b2f1351ad12ebb1deb3ffe2ba2c67e84d76b700", "email": "admin@epic.edu", "date_joined": "2010-05-12 12:46:54"}}, {"pk": 2, "model": "auth.user", "fields": {"username": "mark", "first_name": "Mark", "last_name": "Price", "is_active": true, "is_superuser": false, "is_staff": false, "last_login": "2010-05-12 12:46:54", "groups": [], "user_permissions": [], "password": "sha1$a5232$85f78a511b5862f15d6702af17905d0ff97840c0", "email": "mark@gmail.com", "date_joined": "2010-05-12 12:46:54"}}, {"pk": 3, "model": "auth.user", "fields": {"username": "bob", "first_name": "", "last_name": "", "is_active": true, "is_superuser": false, "is_staff": false, "last_login": "2010-05-12 12:46:54", "groups": [], "user_permissions": [], "password": "sha1$dac4c$c626dd99c72f7b30a6612746d81de37b8c693b6e", "email": "bob@bob.com", "date_joined": "2010-05-12 12:46:54"}}, {"pk": 4, "model": "auth.user", "fields": {"username": "bob2", "first_name": "", "last_name": "", "is_active": true, "is_superuser": false, "is_staff": false, "last_login": "2010-05-12 12:46:54", "groups": [], "user_permissions": [], "password": "sha1$90bab$c13989756ce53e8458781564e29b639049b301c5", "email": "bob2@bob.com", "date_joined": "2010-05-12 12:46:54"}}, {"pk": 5, "model": "auth.user", "fields": {"username": "bill", "first_name": "", "last_name": "", "is_active": true, "is_superuser": false, "is_staff": false, "last_login": "2010-05-12 12:46:54", "groups": [], "user_permissions": [], "password": "sha1$13179$e3ecf65afff586d191589bc8553b7e6aac95b1e3", "email": "bill@bill.com", "date_joined": "2010-05-12 12:46:54"}}, {"pk": 1, "model": "sites.site", "fields": {"domain": "example.com", "name": "example.com"}}, {"pk": 1, "model": "core.item", "fields": {"rendered_description": "I fulfill data requests!", "category": 1, "description": "I fulfill data requests!", "creator": 3, "created_at": "2010-05-12 12:46:54", "is_active": true, "name": "Fulfilling DataSet", "slug": "fulfilling-dataset", "tagless_description": "I fulfill data requests!"}}, {"pk": 2, "model": "core.item", "fields": {"rendered_description": "The first canceled datarequest", "category": 1, "description": "The first canceled datarequest", "creator": 3, "created_at": "2010-05-12 12:46:54", "is_active": true, "name": "canceled_datarequest1", "slug": "canceled_datarequest1", "tagless_description": "The first canceled datarequest"}}, {"pk": 3, "model": "core.item", "fields": {"rendered_description": "The second canceled datarequest", "category": 1, "description": "The second canceled datarequest", "creator": 1, "created_at": "2010-05-12 12:46:54", "is_active": true, "name": "canceled_datarequest2", "slug": "canceled_datarequest2", "tagless_description": "The second canceled datarequest"}}, {"pk": 4, "model": "core.item", "fields": {"rendered_description": "The third canceled datarequest", "category": 1, "description": "The third canceled datarequest", "creator": 3, "created_at": "2010-05-12 12:46:54", "is_active": true, "name": "canceled_datarequest3", "slug": "canceled_datarequest3", "tagless_description": "The third canceled datarequest"}}, {"pk": 5, "model": "core.item", "fields": {"rendered_description": "The fourth canceled datarequest", "category": 1, "description": "The fourth canceled datarequest", "creator": 1, "created_at": "2010-05-12 12:46:54", "is_active": true, "name": "canceled_datarequest4", "slug": "canceled_datarequest4", "tagless_description": "The fourth canceled datarequest"}}, {"pk": 6, "model": "core.item", "fields": {"rendered_description": "The fifth canceled datarequest", "category": 1, "description": "The fifth canceled datarequest", "creator": 3, "created_at": "2010-05-12 12:46:54", "is_active": true, "name": "canceled_datarequest5", "slug": "canceled_datarequest5", "tagless_description": "The fifth canceled datarequest"}}, {"pk": 7, "model": "core.item", "fields": {"rendered_description": "The first fulfilled datarequest", "category": 1, "description": "The first fulfilled datarequest", "creator": 3, "created_at": "2010-05-12 12:46:54", "is_active": true, "name": "fulfilled_datarequest1", "slug": "fulfilled_datarequest1", "tagless_description": "The first fulfilled datarequest"}}, {"pk": 8, "model": "core.item", "fields": {"rendered_description": "The second fulfilled datarequest", "category": 1, "description": "The second fulfilled datarequest", "creator": 1, "created_at": "2010-05-12 12:46:54", "is_active": true, "name": "fulfilled_datarequest2", "slug": "fulfilled_datarequest2", "tagless_description": "The second fulfilled datarequest"}}, {"pk": 9, "model": "core.item", "fields": {"rendered_description": "The third fulfilled datarequest", "category": 1, "description": "The third fulfilled datarequest", "creator": 3, "created_at": "2010-05-12 12:46:54", "is_active": true, "name": "fulfilled_datarequest3", "slug": "fulfilled_datarequest3", "tagless_description": "The third fulfilled datarequest"}}, {"pk": 10, "model": "core.item", "fields": {"rendered_description": "The fourth fulfilled datarequest", "category": 1, "description": "The fourth fulfilled datarequest", "creator": 1, "created_at": "2010-05-12 12:46:54", "is_active": true, "name": "fulfilled_datarequest4", "slug": "fulfilled_datarequest4", "tagless_description": "The fourth fulfilled datarequest"}}, {"pk": 11, "model": "core.item", "fields": {"rendered_description": "The fifth fulfilled datarequest", "category": 1, "description": "The fifth fulfilled datarequest", "creator": 3, "created_at": "2010-05-12 12:46:54", "is_active": true, "name": "fulfilled_datarequest5", "slug": "fulfilled_datarequest5", "tagless_description": "The fifth fulfilled datarequest"}}, {"pk": 12, "model": "core.item", "fields": {"rendered_description": "The sixth fulfilled datarequest", "category": 1, "description": "The sixth fulfilled datarequest", "creator": 1, "created_at": "2010-05-12 12:46:54", "is_active": true, "name": "fulfilled_datarequest6", "slug": "fulfilled_datarequest6", "tagless_description": "The sixth fulfilled datarequest"}}, {"pk": 13, "model": "core.item", "fields": {"rendered_description": "The first unfulfilled datarequest", "category": 1, "description": "The first unfulfilled datarequest", "creator": 3, "created_at": "2010-05-12 12:46:54", "is_active": true, "name": "unfulfilled_datarequest1", "slug": "unfulfilled_datarequest1", "tagless_description": "The first unfulfilled datarequest"}}, {"pk": 14, "model": "core.item", "fields": {"rendered_description": "The second unfulfilled datarequest", "category": 1, "description": "The second unfulfilled datarequest", "creator": 1, "created_at": "2010-05-12 12:46:54", "is_active": true, "name": "unfulfilled_datarequest2", "slug": "unfulfilled_datarequest2", "tagless_description": "The second unfulfilled datarequest"}}, {"pk": 15, "model": "core.item", "fields": {"rendered_description": "The third unfulfilled datarequest", "category": 1, "description": "The third unfulfilled datarequest", "creator": 3, "created_at": "2010-05-12 12:46:54", "is_active": true, "name": "unfulfilled_datarequest3", "slug": "unfulfilled_datarequest3", "tagless_description": "The third unfulfilled datarequest"}}, {"pk": 16, "model": "core.item", "fields": {"rendered_description": "The fourth unfulfilled datarequest", "category": 1, "description": "The fourth unfulfilled datarequest", "creator": 1, "created_at": "2010-05-12 12:46:54", "is_active": true, "name": "unfulfilled_datarequest4", "slug": "unfulfilled_datarequest4", "tagless_description": "The fourth unfulfilled datarequest"}}, {"pk": 1, "model": "core.profile", "fields": {"affiliation": "", "activation_key": "d52d48dcade2bfec9b55edb193345f8bac79593e", "has_activated_account": false, "user": 1}}, {"pk": 2, "model": "core.profile", "fields": {"affiliation": "CNS", "activation_key": "1c82d7b33140616e163832601845994d4527f3bf", "has_activated_account": false, "user": 2}}, {"pk": 3, "model": "core.profile", "fields": {"affiliation": "", "activation_key": "066e601d01f90ad29f5c9af444a50990a2d6a48b", "has_activated_account": false, "user": 3}}, {"pk": 4, "model": "core.profile", "fields": {"affiliation": "", "activation_key": "bbcc7434d69401877eeeabcdf9b157c30b82d58e", "has_activated_account": false, "user": 4}}, {"pk": 5, "model": "core.profile", "fields": {"affiliation": "", "activation_key": "550e438903d49f65d15541fb60591222908af586", "has_activated_account": false, "user": 5}}, {"pk": 1, "model": "categories.category", "fields": {"created_at": "2010-05-12 12:46:54", "name": "Uncategorized", "description": "Items that do not fall under any other category"}}, {"pk": 2, "model": "datarequests.datarequest", "fields": {"status": "C", "fulfilling_item": null}}, {"pk": 3, "model": "datarequests.datarequest", "fields": {"status": "C", "fulfilling_item": null}}, {"pk": 4, "model": "datarequests.datarequest", "fields": {"status": "C", "fulfilling_item": null}}, {"pk": 5, "model": "datarequests.datarequest", "fields": {"status": "C", "fulfilling_item": null}}, {"pk": 6, "model": "datarequests.datarequest", "fields": {"status": "C", "fulfilling_item": null}}, {"pk": 7, "model": "datarequests.datarequest", "fields": {"status": "F", "fulfilling_item": 1}}, {"pk": 8, "model": "datarequests.datarequest", "fields": {"status": "F", "fulfilling_item": 1}}, {"pk": 9, "model": "datarequests.datarequest", "fields": {"status": "F", "fulfilling_item": 1}}, {"pk": 10, "model": "datarequests.datarequest", "fields": {"status": "F", "fulfilling_item": 1}}, {"pk": 11, "model": "datarequests.datarequest", "fields": {"status": "F", "fulfilling_item": 1}}, {"pk": 12, "model": "datarequests.datarequest", "fields": {"status": "F", "fulfilling_item": 1}}, {"pk": 13, "model": "datarequests.datarequest", "fields": {"status": "U", "fulfilling_item": null}}, {"pk": 14, "model": "datarequests.datarequest", "fields": {"status": "U", "fulfilling_item": null}}, {"pk": 15, "model": "datarequests.datarequest", "fields": {"status": "U", "fulfilling_item": null}}, {"pk": 16, "model": "datarequests.datarequest", "fields": {"status": "U", "fulfilling_item": null}}, {"pk": 1, "model": "datasets.dataset", "fields": {"rating_score": 0, "geolocations": [], "next_version": null, "previous_version": null, "rating_votes": 0}}]
