[{"pk": 22, "model": "auth.permission", "fields": {"codename": "add_logentry", "name": "Can add log entry", "content_type": 8}}, {"pk": 23, "model": "auth.permission", "fields": {"codename": "change_logentry", "name": "Can change log entry", "content_type": 8}}, {"pk": 24, "model": "auth.permission", "fields": {"codename": "delete_logentry", "name": "Can delete log entry", "content_type": 8}}, {"pk": 4, "model": "auth.permission", "fields": {"codename": "add_group", "name": "Can add group", "content_type": 2}}, {"pk": 10, "model": "auth.permission", "fields": {"codename": "add_message", "name": "Can add message", "content_type": 4}}, {"pk": 1, "model": "auth.permission", "fields": {"codename": "add_permission", "name": "Can add permission", "content_type": 1}}, {"pk": 7, "model": "auth.permission", "fields": {"codename": "add_user", "name": "Can add user", "content_type": 3}}, {"pk": 5, "model": "auth.permission", "fields": {"codename": "change_group", "name": "Can change group", "content_type": 2}}, {"pk": 11, "model": "auth.permission", "fields": {"codename": "change_message", "name": "Can change message", "content_type": 4}}, {"pk": 2, "model": "auth.permission", "fields": {"codename": "change_permission", "name": "Can change permission", "content_type": 1}}, {"pk": 8, "model": "auth.permission", "fields": {"codename": "change_user", "name": "Can change user", "content_type": 3}}, {"pk": 6, "model": "auth.permission", "fields": {"codename": "delete_group", "name": "Can delete group", "content_type": 2}}, {"pk": 12, "model": "auth.permission", "fields": {"codename": "delete_message", "name": "Can delete message", "content_type": 4}}, {"pk": 3, "model": "auth.permission", "fields": {"codename": "delete_permission", "name": "Can delete permission", "content_type": 1}}, {"pk": 9, "model": "auth.permission", "fields": {"codename": "delete_user", "name": "Can delete user", "content_type": 3}}, {"pk": 37, "model": "auth.permission", "fields": {"codename": "add_category", "name": "Can add category", "content_type": 13}}, {"pk": 38, "model": "auth.permission", "fields": {"codename": "change_category", "name": "Can change category", "content_type": 13}}, {"pk": 39, "model": "auth.permission", "fields": {"codename": "delete_category", "name": "Can delete category", "content_type": 13}}, {"pk": 49, "model": "auth.permission", "fields": {"codename": "add_comment", "name": "Can add comment", "content_type": 17}}, {"pk": 50, "model": "auth.permission", "fields": {"codename": "change_comment", "name": "Can change comment", "content_type": 17}}, {"pk": 51, "model": "auth.permission", "fields": {"codename": "delete_comment", "name": "Can delete comment", "content_type": 17}}, {"pk": 13, "model": "auth.permission", "fields": {"codename": "add_contenttype", "name": "Can add content type", "content_type": 5}}, {"pk": 14, "model": "auth.permission", "fields": {"codename": "change_contenttype", "name": "Can change content type", "content_type": 5}}, {"pk": 15, "model": "auth.permission", "fields": {"codename": "delete_contenttype", "name": "Can delete content type", "content_type": 5}}, {"pk": 31, "model": "auth.permission", "fields": {"codename": "add_academicreference", "name": "Can add academic reference", "content_type": 11}}, {"pk": 28, "model": "auth.permission", "fields": {"codename": "add_author", "name": "Can add author", "content_type": 10}}, {"pk": 25, "model": "auth.permission", "fields": {"codename": "add_item", "name": "Can add item", "content_type": 9}}, {"pk": 34, "model": "auth.permission", "fields": {"codename": "add_profile", "name": "Can add profile", "content_type": 12}}, {"pk": 32, "model": "auth.permission", "fields": {"codename": "change_academicreference", "name": "Can change academic reference", "content_type": 11}}, {"pk": 29, "model": "auth.permission", "fields": {"codename": "change_author", "name": "Can change author", "content_type": 10}}, {"pk": 26, "model": "auth.permission", "fields": {"codename": "change_item", "name": "Can change item", "content_type": 9}}, {"pk": 35, "model": "auth.permission", "fields": {"codename": "change_profile", "name": "Can change profile", "content_type": 12}}, {"pk": 33, "model": "auth.permission", "fields": {"codename": "delete_academicreference", "name": "Can delete academic reference", "content_type": 11}}, {"pk": 30, "model": "auth.permission", "fields": {"codename": "delete_author", "name": "Can delete author", "content_type": 10}}, {"pk": 27, "model": "auth.permission", "fields": {"codename": "delete_item", "name": "Can delete item", "content_type": 9}}, {"pk": 36, "model": "auth.permission", "fields": {"codename": "delete_profile", "name": "Can delete profile", "content_type": 12}}, {"pk": 40, "model": "auth.permission", "fields": {"codename": "add_datarequest", "name": "Can add data request", "content_type": 14}}, {"pk": 41, "model": "auth.permission", "fields": {"codename": "change_datarequest", "name": "Can change data request", "content_type": 14}}, {"pk": 42, "model": "auth.permission", "fields": {"codename": "delete_datarequest", "name": "Can delete data request", "content_type": 14}}, {"pk": 43, "model": "auth.permission", "fields": {"codename": "add_dataset", "name": "Can add data set", "content_type": 15}}, {"pk": 46, "model": "auth.permission", "fields": {"codename": "add_datasetfile", "name": "Can add data set file", "content_type": 16}}, {"pk": 44, "model": "auth.permission", "fields": {"codename": "change_dataset", "name": "Can change data set", "content_type": 15}}, {"pk": 47, "model": "auth.permission", "fields": {"codename": "change_datasetfile", "name": "Can change data set file", "content_type": 16}}, {"pk": 45, "model": "auth.permission", "fields": {"codename": "delete_dataset", "name": "Can delete data set", "content_type": 15}}, {"pk": 48, "model": "auth.permission", "fields": {"codename": "delete_datasetfile", "name": "Can delete data set file", "content_type": 16}}, {"pk": 55, "model": "auth.permission", "fields": {"codename": "add_score", "name": "Can add score", "content_type": 19}}, {"pk": 52, "model": "auth.permission", "fields": {"codename": "add_vote", "name": "Can add vote", "content_type": 18}}, {"pk": 56, "model": "auth.permission", "fields": {"codename": "change_score", "name": "Can change score", "content_type": 19}}, {"pk": 53, "model": "auth.permission", "fields": {"codename": "change_vote", "name": "Can change vote", "content_type": 18}}, {"pk": 57, "model": "auth.permission", "fields": {"codename": "delete_score", "name": "Can delete score", "content_type": 19}}, {"pk": 54, "model": "auth.permission", "fields": {"codename": "delete_vote", "name": "Can delete vote", "content_type": 18}}, {"pk": 70, "model": "auth.permission", "fields": {"codename": "add_geoloc", "name": "Can add geo loc", "content_type": 24}}, {"pk": 71, "model": "auth.permission", "fields": {"codename": "change_geoloc", "name": "Can change geo loc", "content_type": 24}}, {"pk": 72, "model": "auth.permission", "fields": {"codename": "delete_geoloc", "name": "Can delete geo loc", "content_type": 24}}, {"pk": 61, "model": "auth.permission", "fields": {"codename": "add_message", "name": "Can add message", "content_type": 21}}, {"pk": 64, "model": "auth.permission", "fields": {"codename": "add_receivedmessage", "name": "Can add received message", "content_type": 22}}, {"pk": 67, "model": "auth.permission", "fields": {"codename": "add_sentmessage", "name": "Can add sent message", "content_type": 23}}, {"pk": 62, "model": "auth.permission", "fields": {"codename": "change_message", "name": "Can change message", "content_type": 21}}, {"pk": 65, "model": "auth.permission", "fields": {"codename": "change_receivedmessage", "name": "Can change received message", "content_type": 22}}, {"pk": 68, "model": "auth.permission", "fields": {"codename": "change_sentmessage", "name": "Can change sent message", "content_type": 23}}, {"pk": 63, "model": "auth.permission", "fields": {"codename": "delete_message", "name": "Can delete message", "content_type": 21}}, {"pk": 66, "model": "auth.permission", "fields": {"codename": "delete_receivedmessage", "name": "Can delete received message", "content_type": 22}}, {"pk": 69, "model": "auth.permission", "fields": {"codename": "delete_sentmessage", "name": "Can delete sent message", "content_type": 23}}, {"pk": 73, "model": "auth.permission", "fields": {"codename": "add_project", "name": "Can add project", "content_type": 25}}, {"pk": 74, "model": "auth.permission", "fields": {"codename": "change_project", "name": "Can change project", "content_type": 25}}, {"pk": 75, "model": "auth.permission", "fields": {"codename": "delete_project", "name": "Can delete project", "content_type": 25}}, {"pk": 16, "model": "auth.permission", "fields": {"codename": "add_session", "name": "Can add session", "content_type": 6}}, {"pk": 17, "model": "auth.permission", "fields": {"codename": "change_session", "name": "Can change session", "content_type": 6}}, {"pk": 18, "model": "auth.permission", "fields": {"codename": "delete_session", "name": "Can delete session", "content_type": 6}}, {"pk": 19, "model": "auth.permission", "fields": {"codename": "add_site", "name": "Can add site", "content_type": 7}}, {"pk": 20, "model": "auth.permission", "fields": {"codename": "change_site", "name": "Can change site", "content_type": 7}}, {"pk": 21, "model": "auth.permission", "fields": {"codename": "delete_site", "name": "Can delete site", "content_type": 7}}, {"pk": 58, "model": "auth.permission", "fields": {"codename": "add_tagging", "name": "Can add tagging", "content_type": 20}}, {"pk": 59, "model": "auth.permission", "fields": {"codename": "change_tagging", "name": "Can change tagging", "content_type": 20}}, {"pk": 60, "model": "auth.permission", "fields": {"codename": "delete_tagging", "name": "Can delete tagging", "content_type": 20}}, {"pk": 1, "model": "auth.user", "fields": {"username": "super", "first_name": "Super", "last_name": "User", "is_active": true, "is_superuser": true, "is_staff": true, "last_login": "2009-05-14 16:29:25", "groups": [], "user_permissions": [], "password": "sha1$6d0df$58151fb0d8c8a091a4d8818304c1dca8235e7f67", "email": "super@gmail.com", "date_joined": "2009-05-14 16:29:25"}}, {"pk": 2, "model": "auth.user", "fields": {"username": "chintan", "first_name": "Chintan", "last_name": "Tank", "is_active": true, "is_superuser": false, "is_staff": false, "last_login": "2009-05-14 16:29:25", "groups": [], "user_permissions": [], "password": "sha1$e7875$f9faa7094bd934e5816ea85b20a800a23da55d78", "email": "chintan@gmail.com", "date_joined": "2009-05-14 16:29:25"}}, {"pk": 3, "model": "auth.user", "fields": {"username": "david", "first_name": "David", "last_name": "Coe", "is_active": true, "is_superuser": false, "is_staff": false, "last_login": "2009-05-14 16:29:25", "groups": [], "user_permissions": [], "password": "sha1$37433$fdaf4d4945dabac6b52b247df6f567c90ddbee3a", "email": "david@gmail.com", "date_joined": "2009-05-14 16:29:25"}}, {"pk": 4, "model": "auth.user", "fields": {"username": "elisha", "first_name": "David", "last_name": "Coe", "is_active": true, "is_superuser": false, "is_staff": false, "last_login": "2009-05-14 16:29:25", "groups": [], "user_permissions": [], "password": "sha1$77221$f5022442336b1198869379c248a4bc194b654f05", "email": "elisha@gmail.com", "date_joined": "2009-05-14 16:29:25"}}, {"pk": 5, "model": "auth.user", "fields": {"username": "micah", "first_name": "micah", "last_name": "micah", "is_active": true, "is_superuser": false, "is_staff": false, "last_login": "2009-05-14 16:29:25", "groups": [], "user_permissions": [], "password": "sha1$1d4e1$07b249383bcfec14f75c0d7d62052e31c77625ac", "email": "micah@gmail.com", "date_joined": "2009-05-14 16:29:25"}}, {"pk": 6, "model": "auth.user", "fields": {"username": "patrick", "first_name": "Patrick", "last_name": "Phillips", "is_active": true, "is_superuser": false, "is_staff": false, "last_login": "2009-05-14 16:29:25", "groups": [], "user_permissions": [], "password": "sha1$dc846$e135271948e42792bf5a968a838253b39aad44ba", "email": "patrick@gmail.com", "date_joined": "2009-05-14 16:29:25"}}, {"pk": 7, "model": "auth.user", "fields": {"username": "russell", "first_name": "Russell", "last_name": "Duhon", "is_active": true, "is_superuser": false, "is_staff": false, "last_login": "2009-05-14 16:29:25", "groups": [], "user_permissions": [], "password": "sha1$7cef8$2dbd9b3667840dc089f9155cf81a75749528e7b0", "email": "russell@gmail.com", "date_joined": "2009-05-14 16:29:25"}}, {"pk": 8, "model": "auth.user", "fields": {"username": "alex", "first_name": "Alessandro", "last_name": "Vespignani", "is_active": true, "is_superuser": false, "is_staff": false, "last_login": "2009-05-14 16:29:25", "groups": [], "user_permissions": [], "password": "sha1$2892d$7c9bc265e0c37055d98bd11fc5dcbad4a5c7a5e2", "email": "alex@gmail.com", "date_joined": "2009-05-14 16:29:25"}}, {"pk": 9, "model": "auth.user", "fields": {"username": "bruno", "first_name": "Bruno", "last_name": "Goncalves", "is_active": true, "is_superuser": false, "is_staff": false, "last_login": "2009-05-14 16:29:25", "groups": [], "user_permissions": [], "password": "sha1$08d18$8a26a89e58a2b80323a6ac48998cd896bb84fc2b", "email": "bruno@gmail.com", "date_joined": "2009-05-14 16:29:25"}}, {"pk": 10, "model": "auth.user", "fields": {"username": "jim", "first_name": "Jim", "last_name": "Sherman", "is_active": true, "is_superuser": false, "is_staff": false, "last_login": "2009-05-14 16:29:25", "groups": [], "user_permissions": [], "password": "sha1$0a3c0$6b4250910935b86a4e5a70ef06f55f2f5dffc3a3", "email": "jim@gmail.com", "date_joined": "2009-05-14 16:29:25"}}, {"pk": 11, "model": "auth.user", "fields": {"username": "katy", "first_name": "Katy", "last_name": "Borner", "is_active": true, "is_superuser": false, "is_staff": false, "last_login": "2009-05-14 16:29:25", "groups": [], "user_permissions": [], "password": "sha1$313ac$71648c5b5799f4f9e9438bb9ca11053986009249", "email": "katy@gmail.com", "date_joined": "2009-05-14 16:29:25"}}, {"pk": 11, "model": "contenttypes.contenttype", "fields": {"model": "academicreference", "name": "academic reference", "app_label": "core"}}, {"pk": 10, "model": "contenttypes.contenttype", "fields": {"model": "author", "name": "author", "app_label": "core"}}, {"pk": 13, "model": "contenttypes.contenttype", "fields": {"model": "category", "name": "category", "app_label": "categories"}}, {"pk": 17, "model": "contenttypes.contenttype", "fields": {"model": "comment", "name": "comment", "app_label": "comments"}}, {"pk": 5, "model": "contenttypes.contenttype", "fields": {"model": "contenttype", "name": "content type", "app_label": "contenttypes"}}, {"pk": 14, "model": "contenttypes.contenttype", "fields": {"model": "datarequest", "name": "data request", "app_label": "datarequests"}}, {"pk": 15, "model": "contenttypes.contenttype", "fields": {"model": "dataset", "name": "data set", "app_label": "datasets"}}, {"pk": 16, "model": "contenttypes.contenttype", "fields": {"model": "datasetfile", "name": "data set file", "app_label": "datasets"}}, {"pk": 24, "model": "contenttypes.contenttype", "fields": {"model": "geoloc", "name": "geo loc", "app_label": "geoloc"}}, {"pk": 2, "model": "contenttypes.contenttype", "fields": {"model": "group", "name": "group", "app_label": "auth"}}, {"pk": 9, "model": "contenttypes.contenttype", "fields": {"model": "item", "name": "item", "app_label": "core"}}, {"pk": 8, "model": "contenttypes.contenttype", "fields": {"model": "logentry", "name": "log entry", "app_label": "admin"}}, {"pk": 4, "model": "contenttypes.contenttype", "fields": {"model": "message", "name": "message", "app_label": "auth"}}, {"pk": 21, "model": "contenttypes.contenttype", "fields": {"model": "message", "name": "message", "app_label": "messages"}}, {"pk": 1, "model": "contenttypes.contenttype", "fields": {"model": "permission", "name": "permission", "app_label": "auth"}}, {"pk": 12, "model": "contenttypes.contenttype", "fields": {"model": "profile", "name": "profile", "app_label": "core"}}, {"pk": 25, "model": "contenttypes.contenttype", "fields": {"model": "project", "name": "project", "app_label": "projects"}}, {"pk": 22, "model": "contenttypes.contenttype", "fields": {"model": "receivedmessage", "name": "received message", "app_label": "messages"}}, {"pk": 19, "model": "contenttypes.contenttype", "fields": {"model": "score", "name": "score", "app_label": "djangoratings"}}, {"pk": 23, "model": "contenttypes.contenttype", "fields": {"model": "sentmessage", "name": "sent message", "app_label": "messages"}}, {"pk": 6, "model": "contenttypes.contenttype", "fields": {"model": "session", "name": "session", "app_label": "sessions"}}, {"pk": 7, "model": "contenttypes.contenttype", "fields": {"model": "site", "name": "site", "app_label": "sites"}}, {"pk": 20, "model": "contenttypes.contenttype", "fields": {"model": "tagging", "name": "tagging", "app_label": "tags"}}, {"pk": 3, "model": "contenttypes.contenttype", "fields": {"model": "user", "name": "user", "app_label": "auth"}}, {"pk": 18, "model": "contenttypes.contenttype", "fields": {"model": "vote", "name": "vote", "app_label": "djangoratings"}}, {"pk": 1, "model": "sites.site", "fields": {"domain": "example.com", "name": "example.com"}}, {"pk": 1, "model": "core.item", "fields": {"rendered_description": "Need dataset for the 2004 Leishmaniasis epidemic\nthat happened in Afghanistan.", "category": null, "description": "Need dataset for the 2004 Leishmaniasis epidemic\nthat happened in Afghanistan.", "creator": 3, "created_at": "2009-05-18 11:29:11", "is_active": true, "name": "Leishmaniasis", "slug": "leishmaniasis", "tagless_description": "Need dataset for the 2004 Leishmaniasis epidemic\nthat happened in Afghanistan."}}, {"pk": 2, "model": "core.item", "fields": {"rendered_description": "Need dataset for the 1968 - 1969 Avian influenza or \nHong Kong flu that happened in Hong Kong.", "category": null, "description": "Need dataset for the 1968 - 1969 Avian influenza or \nHong Kong flu that happened in Hong Kong.", "creator": 2, "created_at": "2009-05-18 11:29:11", "is_active": true, "name": "Avian influenza", "slug": "avian-influenza", "tagless_description": "Need dataset for the 1968 - 1969 Avian influenza or \nHong Kong flu that happened in Hong Kong."}}, {"pk": 3, "model": "core.item", "fields": {"rendered_description": "Need dataset for the 2004 Dengue fever epidemic\nthat happened in Indonesia.", "category": null, "description": "Need dataset for the 2004 Dengue fever epidemic\nthat happened in Indonesia.", "creator": 6, "created_at": "2009-05-18 11:29:11", "is_active": true, "name": "Dengue fever", "slug": "dengue-fever", "tagless_description": "Need dataset for the 2004 Dengue fever epidemic\nthat happened in Indonesia."}}, {"pk": 4, "model": "core.item", "fields": {"rendered_description": "Need dataset for the 2007 Infantile paralysis epidemic\nthat happened in Nigeria.", "category": null, "description": "Need dataset for the 2007 Infantile paralysis epidemic\nthat happened in Nigeria.", "creator": 7, "created_at": "2009-05-18 11:29:11", "is_active": true, "name": "Infantile paralysis", "slug": "infantile-paralysis", "tagless_description": "Need dataset for the 2007 Infantile paralysis epidemic\nthat happened in Nigeria."}}, {"pk": 5, "model": "core.item", "fields": {"rendered_description": "Need dataset for the 1996 Menigitis epidemic\nthat happened in West Africa.", "category": null, "description": "Need dataset for the 1996 Menigitis epidemic\nthat happened in West Africa.", "creator": 5, "created_at": "2009-05-18 11:29:11", "is_active": true, "name": "Menigitis", "slug": "menigitis", "tagless_description": "Need dataset for the 1996 Menigitis epidemic\nthat happened in West Africa."}}, {"pk": 6, "model": "core.item", "fields": {"rendered_description": "Need dataset for the 1878 Yellow Fever epidemic\nthat happened in Memphis, New Orleans.", "category": null, "description": "Need dataset for the 1878 Yellow Fever epidemic\nthat happened in Memphis, New Orleans.", "creator": 10, "created_at": "2009-05-18 11:29:11", "is_active": true, "name": "Yellow fever", "slug": "yellow-fever", "tagless_description": "Need dataset for the 1878 Yellow Fever epidemic\nthat happened in Memphis, New Orleans."}}, {"pk": 7, "model": "core.item", "fields": {"rendered_description": "Need dataset for the 1849 Cholera epidemic\nthat happened in New York.", "category": null, "description": "Need dataset for the 1849 Cholera epidemic\nthat happened in New York.", "creator": 11, "created_at": "2009-05-18 11:29:11", "is_active": true, "name": "Cholera", "slug": "cholera", "tagless_description": "Need dataset for the 1849 Cholera epidemic\nthat happened in New York."}}, {"pk": 8, "model": "core.item", "fields": {"rendered_description": "Need dataset for the 1878 Yellow Fever epidemic\nthat happened in Memphis, New Orleans.", "category": null, "description": "Need dataset for the 1878 Yellow Fever epidemic\nthat happened in Memphis, New Orleans.", "creator": 4, "created_at": "2009-05-18 11:29:11", "is_active": true, "name": "Yellow fever", "slug": "yellow-fever", "tagless_description": "Need dataset for the 1878 Yellow Fever epidemic\nthat happened in Memphis, New Orleans."}}, {"pk": 9, "model": "core.item", "fields": {"rendered_description": "Need dataset for the 1630 Great Plague of Milan\nthat happened in Milan, Italy.", "category": null, "description": "Need dataset for the 1630 Great Plague of Milan\nthat happened in Milan, Italy.", "creator": 5, "created_at": "2009-05-18 11:29:11", "is_active": true, "name": "Great Plague of Milan", "slug": "great-plague-of-milan", "tagless_description": "Need dataset for the 1630 Great Plague of Milan\nthat happened in Milan, Italy."}}, {"pk": 10, "model": "core.item", "fields": {"rendered_description": "Need dataset for the 1816 - 1819 Typhus epidemic\nthat happened in Ireland.", "category": null, "description": "Need dataset for the 1816 - 1819 Typhus epidemic\nthat happened in Ireland.", "creator": 6, "created_at": "2009-05-18 11:29:11", "is_active": true, "name": "Typhus", "slug": "typhus", "tagless_description": "Need dataset for the 1816 - 1819 Typhus epidemic\nthat happened in Ireland."}}, {"pk": 11, "model": "core.item", "fields": {"rendered_description": "Need dataset for the 1829 Malaria - Groningen \nepidemic that happened in Netherlands.", "category": null, "description": "Need dataset for the 1829 Malaria - Groningen \nepidemic that happened in Netherlands.", "creator": 3, "created_at": "2009-05-18 11:29:11", "is_active": true, "name": "Malaria - Groningen", "slug": "malaria-groningen", "tagless_description": "Need dataset for the 1829 Malaria - Groningen \nepidemic that happened in Netherlands."}}, {"pk": 12, "model": "core.item", "fields": {"rendered_description": "Need dataset for the 1771 Plague Riot \nepidemic that happened in Moscow possibly caused by bubonic plague.", "category": null, "description": "Need dataset for the 1771 Plague Riot \nepidemic that happened in Moscow possibly caused by bubonic plague.", "creator": 2, "created_at": "2009-05-18 11:29:11", "is_active": true, "name": "Plague Riot", "slug": "plague-riot", "tagless_description": "Need dataset for the 1771 Plague Riot \nepidemic that happened in Moscow possibly caused by bubonic plague."}}, {"pk": 13, "model": "core.item", "fields": {"rendered_description": "Need dataset for the 1770s Smallpox\nepidemic that happened in Northwest Coast Indians.", "category": null, "description": "Need dataset for the 1770s Smallpox\nepidemic that happened in Northwest Coast Indians.", "creator": 11, "created_at": "2009-05-18 11:29:11", "is_active": true, "name": "Smallpox", "slug": "smallpox", "tagless_description": "Need dataset for the 1770s Smallpox\nepidemic that happened in Northwest Coast Indians."}}, {"pk": 14, "model": "core.item", "fields": {"rendered_description": "Need dataset for the 1783 Bilious disorder \nepidemic that happened in Dover, Delaware.", "category": null, "description": "Need dataset for the 1783 Bilious disorder \nepidemic that happened in Dover, Delaware.", "creator": 9, "created_at": "2009-05-18 11:29:11", "is_active": true, "name": "Bilious disorder", "slug": "bilious-disorder", "tagless_description": "Need dataset for the 1783 Bilious disorder \nepidemic that happened in Dover, Delaware."}}, {"pk": 15, "model": "core.item", "fields": {"rendered_description": "Need dataset for the 2006 Chikungunya outbreaks \nthat happened in India.", "category": null, "description": "Need dataset for the 2006 Chikungunya outbreaks \nthat happened in India.", "creator": 6, "created_at": "2009-05-18 11:29:11", "is_active": true, "name": "Chikungunya outbreaks in India", "slug": "chikungunya-outbreaks-in-india", "tagless_description": "Need dataset for the 2006 Chikungunya outbreaks \nthat happened in India."}}, {"pk": 16, "model": "core.item", "fields": {"rendered_description": "Acquired immune deficiency syndrome or acquired immunodeficiency syndrome \n(AIDS) is a disease of the human immune system caused by the human immunodeficiency virus (HIV). This condition \nprogressively reduces the effectiveness of the immune system and leaves individuals susceptible to opportunistic \ninfections and tumors. HIV is transmitted through direct contact of a mucous membrane or the bloodstream with a \nbodily fluid containing HIV, such as blood, semen, vaginal fluid, preseminal fluid, and breast milk.", "category": null, "description": "Acquired immune deficiency syndrome or acquired immunodeficiency syndrome \n(AIDS) is a disease of the human immune system caused by the human immunodeficiency virus (HIV). This condition \nprogressively reduces the effectiveness of the immune system and leaves individuals susceptible to opportunistic \ninfections and tumors. HIV is transmitted through direct contact of a mucous membrane or the bloodstream with a \nbodily fluid containing HIV, such as blood, semen, vaginal fluid, preseminal fluid, and breast milk.", "creator": 3, "created_at": "2009-05-18 11:29:11", "is_active": true, "name": "HIV/AIDS", "slug": "hivaids", "tagless_description": "Acquired immune deficiency syndrome or acquired immunodeficiency syndrome \n(AIDS) is a disease of the human immune system caused by the human immunodeficiency virus (HIV). This condition \nprogressively reduces the effectiveness of the immune system and leaves individuals susceptible to opportunistic \ninfections and tumors. HIV is transmitted through direct contact of a mucous membrane or the bloodstream with a \nbodily fluid containing HIV, such as blood, semen, vaginal fluid, preseminal fluid, and breast milk."}}, {"pk": 17, "model": "core.item", "fields": {"rendered_description": "The 1918 flu pandemic (commonly referred to as the Spanish flu) was an \ninfluenza pandemic that spread to nearly every part of the world. It was caused by an unusually virulent and \ndeadly Influenza A virus strain of subtype H1N1. Historical and epidemiological data are inadequate to identify \nthe geographic origin of the virus. Most of its victims were healthy young adults, in contrast to most influenza \noutbreaks which predominantly affect juvenile, elderly, or otherwise weakened patients. The flu pandemic has also \nbeen implicated in the sudden outbreak of Encephalitis lethargica in the 1920s.", "category": null, "description": "The 1918 flu pandemic (commonly referred to as the Spanish flu) was an \ninfluenza pandemic that spread to nearly every part of the world. It was caused by an unusually virulent and \ndeadly Influenza A virus strain of subtype H1N1. Historical and epidemiological data are inadequate to identify \nthe geographic origin of the virus. Most of its victims were healthy young adults, in contrast to most influenza \noutbreaks which predominantly affect juvenile, elderly, or otherwise weakened patients. The flu pandemic has also \nbeen implicated in the sudden outbreak of Encephalitis lethargica in the 1920s.", "creator": 8, "created_at": "2009-05-18 11:29:11", "is_active": true, "name": "Spanish Flu", "slug": "spanish-flu", "tagless_description": "The 1918 flu pandemic (commonly referred to as the Spanish flu) was an \ninfluenza pandemic that spread to nearly every part of the world. It was caused by an unusually virulent and \ndeadly Influenza A virus strain of subtype H1N1. Historical and epidemiological data are inadequate to identify \nthe geographic origin of the virus. Most of its victims were healthy young adults, in contrast to most influenza \noutbreaks which predominantly affect juvenile, elderly, or otherwise weakened patients. The flu pandemic has also \nbeen implicated in the sudden outbreak of Encephalitis lethargica in the 1920s."}}, {"pk": 18, "model": "core.item", "fields": {"rendered_description": "Poliomyelitis, often called infantile paralysis, is an acute viral infectious\ndisease spread from person to person, primarily via the fecal-oral route. The term derives from the Greek polios, meaning \n\"grey\", myelos, referring to the \"spinal cord\", and the suffix-itis, which denotes inflammation. Although around 90% of \npolio infections cause no symptoms at all, affected individuals can exhibit a range of symptoms if the virus enters the \nblood stream. In about 1% of cases the virus enters the central nervous system, preferentially infecting and destroying \nmotor neurons, leading to muscle weakness and acute flaccid paralysis. Different types of paralysis may occur, depending \non the nerves involved. Spinal polio is the most common form, characterized by asymmetric paralysis that most often involves \nthe legs. Bulbar polio leads to weakness of muscles innervated by cranial nerves. Bulbospinal polio is a combination of bulbar \nand spinal paralysis.", "category": null, "description": "Poliomyelitis, often called infantile paralysis, is an acute viral infectious\ndisease spread from person to person, primarily via the fecal-oral route. The term derives from the Greek polios, meaning \n\"grey\", myelos, referring to the \"spinal cord\", and the suffix-itis, which denotes inflammation. Although around 90% of \npolio infections cause no symptoms at all, affected individuals can exhibit a range of symptoms if the virus enters the \nblood stream. In about 1% of cases the virus enters the central nervous system, preferentially infecting and destroying \nmotor neurons, leading to muscle weakness and acute flaccid paralysis. Different types of paralysis may occur, depending \non the nerves involved. Spinal polio is the most common form, characterized by asymmetric paralysis that most often involves \nthe legs. Bulbar polio leads to weakness of muscles innervated by cranial nerves. Bulbospinal polio is a combination of bulbar \nand spinal paralysis.", "creator": 5, "created_at": "2009-05-18 11:29:11", "is_active": true, "name": "Poliomyelitis", "slug": "poliomyelitis", "tagless_description": "Poliomyelitis, often called infantile paralysis, is an acute viral infectious\ndisease spread from person to person, primarily via the fecal-oral route. The term derives from the Greek polios, meaning \n\"grey\", myelos, referring to the \"spinal cord\", and the suffix-itis, which denotes inflammation. Although around 90% of \npolio infections cause no symptoms at all, affected individuals can exhibit a range of symptoms if the virus enters the \nblood stream. In about 1% of cases the virus enters the central nervous system, preferentially infecting and destroying \nmotor neurons, leading to muscle weakness and acute flaccid paralysis. Different types of paralysis may occur, depending \non the nerves involved. Spinal polio is the most common form, characterized by asymmetric paralysis that most often involves \nthe legs. Bulbar polio leads to weakness of muscles innervated by cranial nerves. Bulbospinal polio is a combination of bulbar \nand spinal paralysis."}}, {"pk": 19, "model": "core.item", "fields": {"rendered_description": "Third Pandemic is the designation of a major plague pandemic that began in the \nYunnan province in China in 1855. This episode of bubonic plague spread to all inhabited continents, and ultimately killed \nmore than 12 million people in India and China alone. According to the World Health Organization, the pandemic was considered \nactive until 1959, when worldwide casualties dropped to 200 per year.", "category": null, "description": "Third Pandemic is the designation of a major plague pandemic that began in the \nYunnan province in China in 1855. This episode of bubonic plague spread to all inhabited continents, and ultimately killed \nmore than 12 million people in India and China alone. According to the World Health Organization, the pandemic was considered \nactive until 1959, when worldwide casualties dropped to 200 per year.", "creator": 4, "created_at": "2009-05-18 11:29:11", "is_active": true, "name": "Third Pandemic", "slug": "third-pandemic", "tagless_description": "Third Pandemic is the designation of a major plague pandemic that began in the \nYunnan province in China in 1855. This episode of bubonic plague spread to all inhabited continents, and ultimately killed \nmore than 12 million people in India and China alone. According to the World Health Organization, the pandemic was considered \nactive until 1959, when worldwide casualties dropped to 200 per year."}}, {"pk": 20, "model": "core.item", "fields": {"rendered_description": "The viral hemorrhagic fevers (VHFs) are a diverse group of animal and human illnesses \nthat are caused by five distinct families of RNA viruses: the Arenaviridae, Filoviridae, Bunyaviridae, Togaviridae, and Flaviviridae. \nAll types of VHF are characterized by fever and bleeding disorders and all can progress to high fever, shock and death in extreme \ncases. Some of the VHF agents cause relatively mild illnesses, such as the Scandinavian nephropathia epidemica, whilst others, such \nas the African Ebola virus, can cause severe, life-threatening disease.", "category": null, "description": "The viral hemorrhagic fevers (VHFs) are a diverse group of animal and human illnesses \nthat are caused by five distinct families of RNA viruses: the Arenaviridae, Filoviridae, Bunyaviridae, Togaviridae, and Flaviviridae. \nAll types of VHF are characterized by fever and bleeding disorders and all can progress to high fever, shock and death in extreme \ncases. Some of the VHF agents cause relatively mild illnesses, such as the Scandinavian nephropathia epidemica, whilst others, such \nas the African Ebola virus, can cause severe, life-threatening disease.", "creator": 11, "created_at": "2009-05-18 11:29:11", "is_active": true, "name": "Viral hemorrhagic fever", "slug": "viral-hemorrhagic-fever", "tagless_description": "The viral hemorrhagic fevers (VHFs) are a diverse group of animal and human illnesses \nthat are caused by five distinct families of RNA viruses: the Arenaviridae, Filoviridae, Bunyaviridae, Togaviridae, and Flaviviridae. \nAll types of VHF are characterized by fever and bleeding disorders and all can progress to high fever, shock and death in extreme \ncases. Some of the VHF agents cause relatively mild illnesses, such as the Scandinavian nephropathia epidemica, whilst others, such \nas the African Ebola virus, can cause severe, life-threatening disease."}}, {"pk": 1, "model": "core.profile", "fields": {"affiliation": "", "user": 1}}, {"pk": 2, "model": "core.profile", "fields": {"affiliation": "", "user": 2}}, {"pk": 3, "model": "core.profile", "fields": {"affiliation": "", "user": 3}}, {"pk": 4, "model": "core.profile", "fields": {"affiliation": "", "user": 4}}, {"pk": 5, "model": "core.profile", "fields": {"affiliation": "", "user": 5}}, {"pk": 6, "model": "core.profile", "fields": {"affiliation": "", "user": 6}}, {"pk": 7, "model": "core.profile", "fields": {"affiliation": "", "user": 7}}, {"pk": 8, "model": "core.profile", "fields": {"affiliation": "", "user": 8}}, {"pk": 9, "model": "core.profile", "fields": {"affiliation": "", "user": 9}}, {"pk": 10, "model": "core.profile", "fields": {"affiliation": "", "user": 10}}, {"pk": 11, "model": "core.profile", "fields": {"affiliation": "", "user": 11}}, {"pk": 1, "model": "datarequests.datarequest", "fields": {"status": "C", "fulfilling_item": null}}, {"pk": 2, "model": "datarequests.datarequest", "fields": {"status": "C", "fulfilling_item": null}}, {"pk": 3, "model": "datarequests.datarequest", "fields": {"status": "C", "fulfilling_item": null}}, {"pk": 4, "model": "datarequests.datarequest", "fields": {"status": "C", "fulfilling_item": null}}, {"pk": 5, "model": "datarequests.datarequest", "fields": {"status": "C", "fulfilling_item": null}}, {"pk": 6, "model": "datarequests.datarequest", "fields": {"status": "F", "fulfilling_item": null}}, {"pk": 7, "model": "datarequests.datarequest", "fields": {"status": "F", "fulfilling_item": null}}, {"pk": 8, "model": "datarequests.datarequest", "fields": {"status": "F", "fulfilling_item": null}}, {"pk": 9, "model": "datarequests.datarequest", "fields": {"status": "F", "fulfilling_item": null}}, {"pk": 10, "model": "datarequests.datarequest", "fields": {"status": "F", "fulfilling_item": null}}, {"pk": 11, "model": "datarequests.datarequest", "fields": {"status": "U", "fulfilling_item": null}}, {"pk": 12, "model": "datarequests.datarequest", "fields": {"status": "U", "fulfilling_item": null}}, {"pk": 13, "model": "datarequests.datarequest", "fields": {"status": "U", "fulfilling_item": null}}, {"pk": 14, "model": "datarequests.datarequest", "fields": {"status": "U", "fulfilling_item": null}}, {"pk": 15, "model": "datarequests.datarequest", "fields": {"status": "U", "fulfilling_item": null}}, {"pk": 16, "model": "datasets.dataset", "fields": {"rating_score": 0, "geolocations": [1], "next_version": null, "previous_version": null, "rating_votes": 0}}, {"pk": 17, "model": "datasets.dataset", "fields": {"rating_score": 0, "geolocations": [2], "next_version": null, "previous_version": null, "rating_votes": 0}}, {"pk": 18, "model": "datasets.dataset", "fields": {"rating_score": 0, "geolocations": [3], "next_version": null, "previous_version": null, "rating_votes": 0}}, {"pk": 19, "model": "datasets.dataset", "fields": {"rating_score": 0, "geolocations": [4], "next_version": null, "previous_version": null, "rating_votes": 0}}, {"pk": 20, "model": "datasets.dataset", "fields": {"rating_score": 0, "geolocations": [5], "next_version": null, "previous_version": null, "rating_votes": 0}}, {"pk": 1, "model": "tags.tagging", "fields": {"item": 16, "created_at": "2009-05-18 11:29:11", "tag": "aids", "user": 11}}, {"pk": 2, "model": "tags.tagging", "fields": {"item": 16, "created_at": "2009-05-18 11:29:11", "tag": "hiv", "user": 11}}, {"pk": 3, "model": "tags.tagging", "fields": {"item": 16, "created_at": "2009-05-18 11:29:11", "tag": "bodily", "user": 3}}, {"pk": 4, "model": "tags.tagging", "fields": {"item": 16, "created_at": "2009-05-18 11:29:11", "tag": "fluids", "user": 3}}, {"pk": 5, "model": "tags.tagging", "fields": {"item": 17, "created_at": "2009-05-18 11:29:11", "tag": "1918", "user": 5}}, {"pk": 6, "model": "tags.tagging", "fields": {"item": 17, "created_at": "2009-05-18 11:29:11", "tag": "spanish", "user": 5}}, {"pk": 7, "model": "tags.tagging", "fields": {"item": 17, "created_at": "2009-05-18 11:29:11", "tag": "flu", "user": 8}}, {"pk": 8, "model": "tags.tagging", "fields": {"item": 18, "created_at": "2009-05-18 11:29:11", "tag": "Poliomyelitis", "user": 6}}, {"pk": 9, "model": "tags.tagging", "fields": {"item": 18, "created_at": "2009-05-18 11:29:11", "tag": "greek", "user": 6}}, {"pk": 10, "model": "tags.tagging", "fields": {"item": 18, "created_at": "2009-05-18 11:29:11", "tag": "infantile", "user": 2}}, {"pk": 11, "model": "tags.tagging", "fields": {"item": 19, "created_at": "2009-05-18 11:29:11", "tag": "Pandemic", "user": 10}}, {"pk": 12, "model": "tags.tagging", "fields": {"item": 19, "created_at": "2009-05-18 11:29:11", "tag": "Third", "user": 10}}, {"pk": 13, "model": "tags.tagging", "fields": {"item": 19, "created_at": "2009-05-18 11:29:11", "tag": "1855", "user": 4}}, {"pk": 14, "model": "tags.tagging", "fields": {"item": 20, "created_at": "2009-05-18 11:29:11", "tag": "1918", "user": 7}}, {"pk": 15, "model": "tags.tagging", "fields": {"item": 20, "created_at": "2009-05-18 11:29:11", "tag": "spanish", "user": 7}}, {"pk": 16, "model": "tags.tagging", "fields": {"item": 20, "created_at": "2009-05-18 11:29:11", "tag": "flu", "user": 9}}, {"pk": 1, "model": "geoloc.geoloc", "fields": {"latitude": "2.235151", "canonical_name": "Central Africa", "longitude": "18.028564"}}, {"pk": 2, "model": "geoloc.geoloc", "fields": {"latitude": "29.425037", "canonical_name": "Continental USA", "longitude": "-98.493722"}}, {"pk": 3, "model": "geoloc.geoloc", "fields": {"latitude": "39.074208", "canonical_name": "Greece", "longitude": "21.824312"}}, {"pk": 4, "model": "geoloc.geoloc", "fields": {"latitude": "25.043844", "canonical_name": "Yunnan province, China", "longitude": "102.704567"}}, {"pk": 5, "model": "geoloc.geoloc", "fields": {"latitude": "1.0101", "canonical_name": "Mekambo, Gabon", "longitude": "13.9675"}}]
