[{"pk": 22, "model": "auth.permission", "fields": {"codename": "add_logentry", "name": "Can add log entry", "content_type": 8}}, {"pk": 23, "model": "auth.permission", "fields": {"codename": "change_logentry", "name": "Can change log entry", "content_type": 8}}, {"pk": 24, "model": "auth.permission", "fields": {"codename": "delete_logentry", "name": "Can delete log entry", "content_type": 8}}, {"pk": 4, "model": "auth.permission", "fields": {"codename": "add_group", "name": "Can add group", "content_type": 2}}, {"pk": 10, "model": "auth.permission", "fields": {"codename": "add_message", "name": "Can add message", "content_type": 4}}, {"pk": 1, "model": "auth.permission", "fields": {"codename": "add_permission", "name": "Can add permission", "content_type": 1}}, {"pk": 7, "model": "auth.permission", "fields": {"codename": "add_user", "name": "Can add user", "content_type": 3}}, {"pk": 5, "model": "auth.permission", "fields": {"codename": "change_group", "name": "Can change group", "content_type": 2}}, {"pk": 11, "model": "auth.permission", "fields": {"codename": "change_message", "name": "Can change message", "content_type": 4}}, {"pk": 2, "model": "auth.permission", "fields": {"codename": "change_permission", "name": "Can change permission", "content_type": 1}}, {"pk": 8, "model": "auth.permission", "fields": {"codename": "change_user", "name": "Can change user", "content_type": 3}}, {"pk": 6, "model": "auth.permission", "fields": {"codename": "delete_group", "name": "Can delete group", "content_type": 2}}, {"pk": 12, "model": "auth.permission", "fields": {"codename": "delete_message", "name": "Can delete message", "content_type": 4}}, {"pk": 3, "model": "auth.permission", "fields": {"codename": "delete_permission", "name": "Can delete permission", "content_type": 1}}, {"pk": 9, "model": "auth.permission", "fields": {"codename": "delete_user", "name": "Can delete user", "content_type": 3}}, {"pk": 40, "model": "auth.permission", "fields": {"codename": "add_comment", "name": "Can add comment", "content_type": 14}}, {"pk": 41, "model": "auth.permission", "fields": {"codename": "change_comment", "name": "Can change comment", "content_type": 14}}, {"pk": 42, "model": "auth.permission", "fields": {"codename": "delete_comment", "name": "Can delete comment", "content_type": 14}}, {"pk": 13, "model": "auth.permission", "fields": {"codename": "add_contenttype", "name": "Can add content type", "content_type": 5}}, {"pk": 14, "model": "auth.permission", "fields": {"codename": "change_contenttype", "name": "Can change content type", "content_type": 5}}, {"pk": 15, "model": "auth.permission", "fields": {"codename": "delete_contenttype", "name": "Can delete content type", "content_type": 5}}, {"pk": 25, "model": "auth.permission", "fields": {"codename": "add_item", "name": "Can add item", "content_type": 9}}, {"pk": 28, "model": "auth.permission", "fields": {"codename": "add_profile", "name": "Can add profile", "content_type": 10}}, {"pk": 26, "model": "auth.permission", "fields": {"codename": "change_item", "name": "Can change item", "content_type": 9}}, {"pk": 29, "model": "auth.permission", "fields": {"codename": "change_profile", "name": "Can change profile", "content_type": 10}}, {"pk": 27, "model": "auth.permission", "fields": {"codename": "delete_item", "name": "Can delete item", "content_type": 9}}, {"pk": 30, "model": "auth.permission", "fields": {"codename": "delete_profile", "name": "Can delete profile", "content_type": 10}}, {"pk": 31, "model": "auth.permission", "fields": {"codename": "add_datarequest", "name": "Can add data request", "content_type": 11}}, {"pk": 32, "model": "auth.permission", "fields": {"codename": "change_datarequest", "name": "Can change data request", "content_type": 11}}, {"pk": 33, "model": "auth.permission", "fields": {"codename": "delete_datarequest", "name": "Can delete data request", "content_type": 11}}, {"pk": 34, "model": "auth.permission", "fields": {"codename": "add_dataset", "name": "Can add data set", "content_type": 12}}, {"pk": 37, "model": "auth.permission", "fields": {"codename": "add_datasetfile", "name": "Can add data set file", "content_type": 13}}, {"pk": 35, "model": "auth.permission", "fields": {"codename": "change_dataset", "name": "Can change data set", "content_type": 12}}, {"pk": 38, "model": "auth.permission", "fields": {"codename": "change_datasetfile", "name": "Can change data set file", "content_type": 13}}, {"pk": 36, "model": "auth.permission", "fields": {"codename": "delete_dataset", "name": "Can delete data set", "content_type": 12}}, {"pk": 39, "model": "auth.permission", "fields": {"codename": "delete_datasetfile", "name": "Can delete data set file", "content_type": 13}}, {"pk": 46, "model": "auth.permission", "fields": {"codename": "add_score", "name": "Can add score", "content_type": 16}}, {"pk": 43, "model": "auth.permission", "fields": {"codename": "add_vote", "name": "Can add vote", "content_type": 15}}, {"pk": 47, "model": "auth.permission", "fields": {"codename": "change_score", "name": "Can change score", "content_type": 16}}, {"pk": 44, "model": "auth.permission", "fields": {"codename": "change_vote", "name": "Can change vote", "content_type": 15}}, {"pk": 48, "model": "auth.permission", "fields": {"codename": "delete_score", "name": "Can delete score", "content_type": 16}}, {"pk": 45, "model": "auth.permission", "fields": {"codename": "delete_vote", "name": "Can delete vote", "content_type": 15}}, {"pk": 61, "model": "auth.permission", "fields": {"codename": "add_geoloc", "name": "Can add geo loc", "content_type": 21}}, {"pk": 62, "model": "auth.permission", "fields": {"codename": "change_geoloc", "name": "Can change geo loc", "content_type": 21}}, {"pk": 63, "model": "auth.permission", "fields": {"codename": "delete_geoloc", "name": "Can delete geo loc", "content_type": 21}}, {"pk": 52, "model": "auth.permission", "fields": {"codename": "add_message", "name": "Can add message", "content_type": 18}}, {"pk": 55, "model": "auth.permission", "fields": {"codename": "add_receivedmessage", "name": "Can add received message", "content_type": 19}}, {"pk": 58, "model": "auth.permission", "fields": {"codename": "add_sentmessage", "name": "Can add sent message", "content_type": 20}}, {"pk": 53, "model": "auth.permission", "fields": {"codename": "change_message", "name": "Can change message", "content_type": 18}}, {"pk": 56, "model": "auth.permission", "fields": {"codename": "change_receivedmessage", "name": "Can change received message", "content_type": 19}}, {"pk": 59, "model": "auth.permission", "fields": {"codename": "change_sentmessage", "name": "Can change sent message", "content_type": 20}}, {"pk": 54, "model": "auth.permission", "fields": {"codename": "delete_message", "name": "Can delete message", "content_type": 18}}, {"pk": 57, "model": "auth.permission", "fields": {"codename": "delete_receivedmessage", "name": "Can delete received message", "content_type": 19}}, {"pk": 60, "model": "auth.permission", "fields": {"codename": "delete_sentmessage", "name": "Can delete sent message", "content_type": 20}}, {"pk": 64, "model": "auth.permission", "fields": {"codename": "add_project", "name": "Can add project", "content_type": 22}}, {"pk": 65, "model": "auth.permission", "fields": {"codename": "change_project", "name": "Can change project", "content_type": 22}}, {"pk": 66, "model": "auth.permission", "fields": {"codename": "delete_project", "name": "Can delete project", "content_type": 22}}, {"pk": 16, "model": "auth.permission", "fields": {"codename": "add_session", "name": "Can add session", "content_type": 6}}, {"pk": 17, "model": "auth.permission", "fields": {"codename": "change_session", "name": "Can change session", "content_type": 6}}, {"pk": 18, "model": "auth.permission", "fields": {"codename": "delete_session", "name": "Can delete session", "content_type": 6}}, {"pk": 19, "model": "auth.permission", "fields": {"codename": "add_site", "name": "Can add site", "content_type": 7}}, {"pk": 20, "model": "auth.permission", "fields": {"codename": "change_site", "name": "Can change site", "content_type": 7}}, {"pk": 21, "model": "auth.permission", "fields": {"codename": "delete_site", "name": "Can delete site", "content_type": 7}}, {"pk": 49, "model": "auth.permission", "fields": {"codename": "add_tagging", "name": "Can add tagging", "content_type": 17}}, {"pk": 50, "model": "auth.permission", "fields": {"codename": "change_tagging", "name": "Can change tagging", "content_type": 17}}, {"pk": 51, "model": "auth.permission", "fields": {"codename": "delete_tagging", "name": "Can delete tagging", "content_type": 17}}, {"pk": 1, "model": "auth.user", "fields": {"username": "admin", "first_name": "", "last_name": "", "is_active": true, "is_superuser": false, "is_staff": false, "last_login": "2009-05-04 15:10:35", "groups": [], "user_permissions": [], "password": "sha1$31fda$6d26ff719d03ecb5483939e82420e069b42a6d60", "email": "admin@epic.edu", "date_joined": "2009-05-04 15:10:35"}}, {"pk": 2, "model": "auth.user", "fields": {"username": "peebs", "first_name": "Mark", "last_name": "Peebs", "is_active": true, "is_superuser": false, "is_staff": false, "last_login": "2009-05-04 15:10:35", "groups": [], "user_permissions": [], "password": "sha1$8d4fb$f0c9a16672b2f650a451dcfbbd215343ea96b33c", "email": "markispeebs@gmail.com", "date_joined": "2009-05-04 15:10:35"}}, {"pk": 3, "model": "auth.user", "fields": {"username": "bob", "first_name": "", "last_name": "", "is_active": true, "is_superuser": false, "is_staff": false, "last_login": "2009-05-04 15:10:35", "groups": [], "user_permissions": [], "password": "sha1$59d7e$f6a914829c240d002c8674b6b7ecc3469dae618b", "email": "bob@bob.com", "date_joined": "2009-05-04 15:10:35"}}, {"pk": 4, "model": "auth.user", "fields": {"username": "bob2", "first_name": "", "last_name": "", "is_active": true, "is_superuser": false, "is_staff": false, "last_login": "2009-05-04 15:10:35", "groups": [], "user_permissions": [], "password": "sha1$d0cd6$844ffe2bdfcfef391cd80bb35f60e027c28f2f65", "email": "bob2@bob.com", "date_joined": "2009-05-04 15:10:35"}}, {"pk": 5, "model": "auth.user", "fields": {"username": "bill", "first_name": "", "last_name": "", "is_active": true, "is_superuser": false, "is_staff": false, "last_login": "2009-05-04 15:10:35", "groups": [], "user_permissions": [], "password": "sha1$ff7b6$27c503b0723ccfb7ecbe8696b52fed8e4be994dd", "email": "bill@bill.com", "date_joined": "2009-05-04 15:10:35"}}, {"pk": 14, "model": "contenttypes.contenttype", "fields": {"model": "comment", "name": "comment", "app_label": "comments"}}, {"pk": 5, "model": "contenttypes.contenttype", "fields": {"model": "contenttype", "name": "content type", "app_label": "contenttypes"}}, {"pk": 11, "model": "contenttypes.contenttype", "fields": {"model": "datarequest", "name": "data request", "app_label": "datarequests"}}, {"pk": 12, "model": "contenttypes.contenttype", "fields": {"model": "dataset", "name": "data set", "app_label": "datasets"}}, {"pk": 13, "model": "contenttypes.contenttype", "fields": {"model": "datasetfile", "name": "data set file", "app_label": "datasets"}}, {"pk": 21, "model": "contenttypes.contenttype", "fields": {"model": "geoloc", "name": "geo loc", "app_label": "geoloc"}}, {"pk": 2, "model": "contenttypes.contenttype", "fields": {"model": "group", "name": "group", "app_label": "auth"}}, {"pk": 9, "model": "contenttypes.contenttype", "fields": {"model": "item", "name": "item", "app_label": "core"}}, {"pk": 8, "model": "contenttypes.contenttype", "fields": {"model": "logentry", "name": "log entry", "app_label": "admin"}}, {"pk": 4, "model": "contenttypes.contenttype", "fields": {"model": "message", "name": "message", "app_label": "auth"}}, {"pk": 18, "model": "contenttypes.contenttype", "fields": {"model": "message", "name": "message", "app_label": "messages"}}, {"pk": 1, "model": "contenttypes.contenttype", "fields": {"model": "permission", "name": "permission", "app_label": "auth"}}, {"pk": 10, "model": "contenttypes.contenttype", "fields": {"model": "profile", "name": "profile", "app_label": "core"}}, {"pk": 22, "model": "contenttypes.contenttype", "fields": {"model": "project", "name": "project", "app_label": "projects"}}, {"pk": 19, "model": "contenttypes.contenttype", "fields": {"model": "receivedmessage", "name": "received message", "app_label": "messages"}}, {"pk": 16, "model": "contenttypes.contenttype", "fields": {"model": "score", "name": "score", "app_label": "djangoratings"}}, {"pk": 20, "model": "contenttypes.contenttype", "fields": {"model": "sentmessage", "name": "sent message", "app_label": "messages"}}, {"pk": 6, "model": "contenttypes.contenttype", "fields": {"model": "session", "name": "session", "app_label": "sessions"}}, {"pk": 7, "model": "contenttypes.contenttype", "fields": {"model": "site", "name": "site", "app_label": "sites"}}, {"pk": 17, "model": "contenttypes.contenttype", "fields": {"model": "tagging", "name": "tagging", "app_label": "tags"}}, {"pk": 3, "model": "contenttypes.contenttype", "fields": {"model": "user", "name": "user", "app_label": "auth"}}, {"pk": 15, "model": "contenttypes.contenttype", "fields": {"model": "vote", "name": "vote", "app_label": "djangoratings"}}, {"pk": 1, "model": "sites.site", "fields": {"domain": "example.com", "name": "example.com"}}, {"pk": 1, "model": "core.item", "fields": {"description": "The first datarequest", "creator": 3, "created_at": "2009-05-04 15:10:35", "is_active": true, "slug": "canceled_datarequest1", "name": "canceled_datarequest1"}}, {"pk": 2, "model": "core.item", "fields": {"description": "The second datarequest", "creator": 1, "created_at": "2009-05-04 15:10:35", "is_active": true, "slug": "canceled_datarequest2", "name": "canceled_datarequest2"}}, {"pk": 3, "model": "core.item", "fields": {"description": "The third datarequest", "creator": 3, "created_at": "2009-05-04 15:10:35", "is_active": true, "slug": "canceled_datarequest3", "name": "canceled_datarequest3"}}, {"pk": 4, "model": "core.item", "fields": {"description": "The fourth datarequest", "creator": 1, "created_at": "2009-05-04 15:10:35", "is_active": true, "slug": "canceled_datarequest4", "name": "canceled_datarequest4"}}, {"pk": 5, "model": "core.item", "fields": {"description": "The fifth datarequest", "creator": 3, "created_at": "2009-05-04 15:10:35", "is_active": true, "slug": "canceled_datarequest5", "name": "canceled_datarequest5"}}, {"pk": 6, "model": "core.item", "fields": {"description": "The first datarequest", "creator": 3, "created_at": "2009-05-04 15:10:35", "is_active": true, "slug": "fulfilled_datarequest1", "name": "fulfilled_datarequest1"}}, {"pk": 7, "model": "core.item", "fields": {"description": "The second datarequest", "creator": 1, "created_at": "2009-05-04 15:10:35", "is_active": true, "slug": "fulfilled_datarequest2", "name": "fulfilled_datarequest2"}}, {"pk": 8, "model": "core.item", "fields": {"description": "The third datarequest", "creator": 3, "created_at": "2009-05-04 15:10:35", "is_active": true, "slug": "fulfilled_datarequest3", "name": "fulfilled_datarequest3"}}, {"pk": 9, "model": "core.item", "fields": {"description": "The fourth datarequest", "creator": 1, "created_at": "2009-05-04 15:10:35", "is_active": true, "slug": "fulfilled_datarequest4", "name": "fulfilled_datarequest4"}}, {"pk": 10, "model": "core.item", "fields": {"description": "The fifth datarequest", "creator": 3, "created_at": "2009-05-04 15:10:35", "is_active": true, "slug": "fulfilled_datarequest5", "name": "fulfilled_datarequest5"}}, {"pk": 11, "model": "core.item", "fields": {"description": "The sixth datarequest", "creator": 1, "created_at": "2009-05-04 15:10:35", "is_active": true, "slug": "fulfilled_datarequest6", "name": "fulfilled_datarequest6"}}, {"pk": 12, "model": "core.item", "fields": {"description": "The first datarequest", "creator": 3, "created_at": "2009-05-04 15:10:35", "is_active": true, "slug": "unfulfilled_datarequest1", "name": "unfulfilled_datarequest1"}}, {"pk": 13, "model": "core.item", "fields": {"description": "The second datarequest", "creator": 1, "created_at": "2009-05-04 15:10:35", "is_active": true, "slug": "unfulfilled_datarequest2", "name": "unfulfilled_datarequest2"}}, {"pk": 14, "model": "core.item", "fields": {"description": "The third datarequest", "creator": 3, "created_at": "2009-05-04 15:10:35", "is_active": true, "slug": "unfulfilled_datarequest3", "name": "unfulfilled_datarequest3"}}, {"pk": 15, "model": "core.item", "fields": {"description": "The fourth datarequest", "creator": 1, "created_at": "2009-05-04 15:10:35", "is_active": true, "slug": "unfulfilled_datarequest4", "name": "unfulfilled_datarequest4"}}, {"pk": 1, "model": "core.profile", "fields": {"affiliation": "", "user": 1}}, {"pk": 2, "model": "core.profile", "fields": {"affiliation": "Hot Mess Co.", "user": 2}}, {"pk": 3, "model": "core.profile", "fields": {"affiliation": "", "user": 3}}, {"pk": 4, "model": "core.profile", "fields": {"affiliation": "", "user": 4}}, {"pk": 5, "model": "core.profile", "fields": {"affiliation": "", "user": 5}}, {"pk": 1, "model": "datarequests.datarequest", "fields": {"status": "C"}}, {"pk": 2, "model": "datarequests.datarequest", "fields": {"status": "C"}}, {"pk": 3, "model": "datarequests.datarequest", "fields": {"status": "C"}}, {"pk": 4, "model": "datarequests.datarequest", "fields": {"status": "C"}}, {"pk": 5, "model": "datarequests.datarequest", "fields": {"status": "C"}}, {"pk": 6, "model": "datarequests.datarequest", "fields": {"status": "F"}}, {"pk": 7, "model": "datarequests.datarequest", "fields": {"status": "F"}}, {"pk": 8, "model": "datarequests.datarequest", "fields": {"status": "F"}}, {"pk": 9, "model": "datarequests.datarequest", "fields": {"status": "F"}}, {"pk": 10, "model": "datarequests.datarequest", "fields": {"status": "F"}}, {"pk": 11, "model": "datarequests.datarequest", "fields": {"status": "F"}}, {"pk": 12, "model": "datarequests.datarequest", "fields": {"status": "U"}}, {"pk": 13, "model": "datarequests.datarequest", "fields": {"status": "U"}}, {"pk": 14, "model": "datarequests.datarequest", "fields": {"status": "U"}}, {"pk": 15, "model": "datarequests.datarequest", "fields": {"status": "U"}}]
