375,270,5.20,255:255:0
375,377,5.20,255:255:0
375,43,5.20,255:255:0
270,377,5.20,255:255:0
270,43,5.20,255:255:0
377,43,5.20,255:255:0
57,164,4.50,30:30:30
57,276,4.50,30:30:30
57,74,7.15,255:255:0
57,173,7.15,255:255:0
57,56,5.50,30:30:30
43,94,7.15,255:255:0
43,476,5.50,30:30:30
94,522,7.15,255:255:0
94,476,6.50,30:30:30
94,14,6.50,30:30:30
164,276,5.85,255:133:255
164,446,5.85,255:133:255
164,3,5.85,255:133:255
522,74,7.15,255:255:0
522,173,7.15,255:255:0
522,3,5.50,30:30:30
276,446,5.85,255:133:255
276,359,5.20,255:133:255
276,3,5.85,255:133:255
276,430,5.85,255:133:255
74,173,7.80,255:255:0
74,476,6.00,30:30:30
74,208,5.00,30:30:30
74,291,5.00,30:30:30
74,156,6.00,30:30:30
74,3,6.00,30:30:30
173,208,5.00,30:30:30
173,3,6.00,30:30:30
173,430,6.00,30:30:30
476,14,8.45,163:20:250
476,221,6.50,163:20:250
476,64,8.45,163:20:250
476,393,5.85,163:20:250
476,435,8.45,163:20:250
56,446,7.15,255:133:255
56,371,5.20,255:133:255
56,3,7.15,255:133:255
56,356,5.20,255:133:255
56,306,5.85,255:133:255
56,458,7.15,255:133:255
56,188,5.85,255:133:255
56,428,7.15,255:133:255
56,430,7.15,255:133:255
208,446,6.50,255:133:255
208,3,6.50,255:133:255
208,160,6.50,255:133:255
208,137,6.50,255:133:255
208,295,6.50,255:133:255
446,359,5.20,255:133:255
446,3,8.45,255:133:255
446,356,5.20,255:133:255
446,160,6.50,255:133:255
446,137,7.80,255:133:255
446,295,6.50,255:133:255
446,430,8.45,255:133:255
359,291,4.00,30:30:30
359,3,5.20,255:133:255
359,160,5.20,255:133:255
359,428,5.20,255:133:255
291,331,4.00,30:30:30
291,156,6.50,163:20:250
291,428,5.00,30:30:30
291,159,4.50,30:30:30
331,3,5.20,255:133:255
331,160,5.20,255:133:255
331,64,4.00,30:30:30
371,3,5.20,255:133:255
371,356,5.20,255:133:255
371,306,5.20,255:133:255
371,458,5.20,255:133:255
371,428,5.20,255:133:255
156,14,7.80,163:20:250
156,221,6.50,163:20:250
156,64,7.80,163:20:250
156,393,5.85,163:20:250
156,435,7.80,163:20:250
156,392,5.85,163:20:250
156,337,6.50,163:20:250
156,501,7.80,163:20:250
3,160,6.50,255:133:255
3,474,7.15,255:133:255
3,137,7.80,255:133:255
3,295,6.50,255:133:255
3,428,8.45,255:133:255
3,430,9.10,255:133:255
3,395,3.90,255:133:255
3,136,7.15,255:133:255
3,159,5.85,255:133:255
3,317,7.15,255:133:255
3,489,9.10,255:133:255
3,450,10.40,255:133:255
3,481,7.15,255:133:255
3,193,8.45,255:133:255
3,398,5.85,255:133:255
3,96,9.75,255:133:255
3,455,11.05,255:133:255
356,306,5.20,255:133:255
356,458,5.20,255:133:255
356,428,5.20,255:133:255
356,430,5.20,255:133:255
160,295,6.50,255:133:255
160,430,6.50,255:133:255
160,193,6.50,255:133:255
306,458,5.85,255:133:255
306,481,5.85,255:133:255
458,481,7.15,255:133:255
474,188,5.85,255:133:255
474,450,7.15,255:133:255
137,295,6.50,255:133:255
137,136,7.15,255:133:255
137,317,7.15,255:133:255
137,96,7.80,255:133:255
14,221,6.50,163:20:250
14,64,10.40,163:20:250
14,393,5.85,163:20:250
14,435,9.75,163:20:250
14,392,5.85,163:20:250
14,337,6.50,163:20:250
14,501,9.10,163:20:250
14,351,7.15,163:20:250
14,228,6.50,163:20:250
14,108,11.05,163:20:250
188,136,5.85,255:133:255
188,317,5.85,255:133:255
188,450,5.85,255:133:255
188,193,5.85,255:133:255
295,526,6.50,255:133:255
295,433,6.50,255:133:255
295,193,6.50,255:133:255
295,96,6.50,255:133:255
221,64,6.50,163:20:250
221,393,5.85,163:20:250
221,435,6.50,163:20:250
221,337,6.50,163:20:250
221,501,6.50,163:20:250
221,351,6.50,163:20:250
428,395,3.90,255:133:255
428,159,5.85,255:133:255
428,152,6.50,255:133:255
428,288,7.15,255:133:255
428,489,8.45,255:133:255
428,118,7.15,255:133:255
428,280,5.85,255:133:255
428,5,8.45,255:133:255
428,299,7.80,255:133:255
428,121,7.80,255:133:255
64,393,5.85,163:20:250
64,435,9.75,163:20:250
64,337,6.50,163:20:250
64,501,9.10,163:20:250
64,351,7.15,163:20:250
64,108,10.40,163:20:250
430,98,7.00,30:30:30
395,159,3.90,255:133:255
395,288,3.90,255:133:255
395,5,3.90,255:133:255
136,370,6.50,255:133:255
136,186,7.15,255:133:255
136,317,7.15,255:133:255
136,450,7.15,255:133:255
136,5,7.15,255:133:255
159,152,5.85,255:133:255
159,288,5.85,255:133:255
159,118,5.85,255:133:255
159,280,5.85,255:133:255
159,5,5.85,255:133:255
159,299,5.85,255:133:255
370,186,6.50,255:133:255
370,317,6.50,255:133:255
370,450,6.50,255:133:255
393,435,5.85,163:20:250
393,337,5.85,163:20:250
393,501,5.85,163:20:250
393,351,5.85,163:20:250
393,228,5.85,163:20:250
393,108,5.85,163:20:250
435,337,6.50,163:20:250
435,501,9.10,163:20:250
435,351,7.15,163:20:250
435,228,6.50,163:20:250
435,108,9.75,163:20:250
392,501,5.85,163:20:250
392,351,5.85,163:20:250
337,108,6.50,163:20:250
152,118,6.50,255:133:255
152,5,6.50,255:133:255
526,433,7.80,255:133:255
526,96,7.80,255:133:255
433,96,9.75,255:133:255
288,489,7.15,255:133:255
288,118,7.15,255:133:255
288,5,7.15,255:133:255
288,400,7.15,255:133:255
186,317,7.15,255:133:255
186,489,9.10,255:133:255
186,118,7.15,255:133:255
186,450,9.10,255:133:255
186,5,9.10,255:133:255
186,299,7.80,255:133:255
317,450,7.15,255:133:255
317,193,7.15,255:133:255
317,225,6.50,255:133:255
489,118,7.15,255:133:255
489,5,9.10,255:133:255
489,299,7.80,255:133:255
489,400,9.10,255:133:255
489,66,9.10,255:133:255
118,5,7.15,255:133:255
118,299,7.15,255:133:255
118,121,7.15,255:133:255
118,484,7.15,255:133:255
280,5,5.85,255:133:255
280,481,5.85,255:133:255
280,121,5.85,255:133:255
280,330,5.85,255:133:255
450,240,9.10,255:133:255
450,46,10.40,255:133:255
5,299,7.80,255:133:255
5,400,9.75,255:133:255
5,121,7.80,255:133:255
5,308,8.45,255:133:255
5,484,8.45,255:133:255
5,517,10.40,255:133:255
481,121,7.15,255:133:255
481,96,7.15,255:133:255
481,66,7.15,255:133:255
481,330,5.85,255:133:255
481,175,5.50,30:30:30
299,484,7.80,255:133:255
299,65,7.80,255:133:255
193,96,8.45,255:133:255
193,455,8.45,255:133:255
193,225,6.50,255:133:255
193,409,6.50,30:30:30
400,121,7.80,255:133:255
400,153,7.80,255:133:255
121,66,7.80,255:133:255
121,330,5.85,255:133:255
398,96,5.85,255:133:255
398,308,5.85,255:133:255
398,455,5.85,255:133:255
398,153,5.85,255:133:255
398,66,5.85,255:133:255
398,253,5.85,255:133:255
96,501,7.00,30:30:30
96,455,9.75,255:133:255
96,225,6.50,255:133:255
96,553,3.90,255:133:255
96,409,7.50,30:30:30
96,111,6.50,30:30:30
501,351,7.15,163:20:250
501,228,6.50,163:20:250
501,108,9.10,163:20:250
501,256,6.00,30:30:30
351,228,6.50,163:20:250
351,70,5.50,30:30:30
308,455,8.45,255:133:255
308,153,7.80,255:133:255
308,484,8.45,255:133:255
308,253,6.50,255:133:255
455,153,7.80,255:133:255
455,66,9.75,255:133:255
455,484,8.45,255:133:255
455,330,5.85,255:133:255
455,225,6.50,255:133:255
455,253,6.50,255:133:255
455,483,8.50,30:30:30
153,253,6.50,255:133:255
66,484,8.45,255:133:255
66,330,5.85,255:133:255
66,517,9.75,255:133:255
66,175,6.50,30:30:30
484,65,8.45,255:133:255
484,385,7.80,255:133:255
484,322,6.50,30:30:30
330,175,4.50,30:30:30
330,223,4.50,30:30:30
225,553,3.90,255:133:255
225,409,5.00,30:30:30
225,111,5.00,30:30:30
228,108,6.50,163:20:250
228,187,5.00,30:30:30
65,385,7.80,255:133:255
65,517,9.75,255:133:255
65,240,9.10,255:133:255
65,46,9.75,255:133:255
65,223,5.50,30:30:30
65,232,7.50,30:30:30
108,125,11.05,163:20:250
108,176,11.05,163:20:250
108,463,11.05,163:20:250
108,376,9.75,163:20:250
108,13,11.05,163:20:250
108,179,8.50,30:30:30
253,232,5.00,30:30:30
253,38,5.00,30:30:30
385,517,7.80,255:133:255
385,240,7.80,255:133:255
385,223,5.50,30:30:30
385,219,7.80,255:133:255
517,240,9.10,255:133:255
517,46,10.40,255:133:255
517,175,6.50,30:30:30
517,219,8.45,255:133:255
517,232,8.00,30:30:30
517,176,8.00,30:30:30
517,229,8.00,30:30:30
517,38,8.00,30:30:30
240,46,9.10,255:133:255
240,201,6.50,30:30:30
553,98,3.00,30:30:30
322,409,8.45,163:20:250
322,232,8.45,163:20:250
322,353,6.50,163:20:250
322,103,8.45,163:20:250
46,219,8.45,255:133:255
46,232,8.00,30:30:30
46,176,8.50,30:30:30
46,229,9.00,30:30:30
46,38,10.00,30:30:30
46,13,10.00,30:30:30
175,229,8.45,163:20:250
175,38,8.45,163:20:250
175,13,8.45,163:20:250
175,263,8.45,163:20:250
175,439,6.50,30:30:30
409,353,6.50,163:20:250
409,103,13.00,163:20:250
409,92,11.05,163:20:250
409,70,7.50,30:30:30
409,382,5.00,30:30:30
223,439,7.15,97:255:255
219,38,6.50,30:30:30
232,176,10.40,163:20:250
232,229,10.40,163:20:250
232,483,10.40,163:20:250
232,463,10.40,163:20:250
232,103,10.40,163:20:250
232,38,10.40,163:20:250
232,13,10.40,163:20:250
232,263,9.75,163:20:250
125,353,6.50,163:20:250
125,463,12.35,163:20:250
125,103,13.00,163:20:250
125,376,9.75,163:20:250
176,229,11.05,163:20:250
176,463,11.05,163:20:250
176,103,11.05,163:20:250
176,38,11.05,163:20:250
176,13,11.05,163:20:250
353,103,6.50,163:20:250
353,376,6.50,163:20:250
229,483,11.70,163:20:250
229,463,11.70,163:20:250
229,38,11.70,163:20:250
229,13,11.70,163:20:250
111,201,8.45,97:255:255
111,256,7.80,97:255:255
111,248,7.80,97:255:255
111,147,8.45,97:255:255
111,296,7.15,97:255:255
483,463,12.35,163:20:250
483,38,12.35,163:20:250
483,13,12.35,163:20:250
483,406,9.50,30:30:30
463,103,12.35,163:20:250
463,376,9.75,163:20:250
463,38,12.35,163:20:250
463,13,12.35,163:20:250
103,70,7.50,30:30:30
103,376,9.75,163:20:250
103,13,13.00,163:20:250
92,368,5.85,163:20:250
92,70,7.50,30:30:30
92,382,5.00,30:30:30
92,86,6.50,30:30:30
201,23,8.45,97:255:255
201,482,8.45,97:255:255
201,521,7.80,97:255:255
201,396,8.45,97:255:255
201,406,8.45,97:255:255
201,90,8.45,97:255:255
368,382,4.50,30:30:30
70,256,7.80,97:255:255
70,248,7.80,97:255:255
70,187,7.80,97:255:255
70,497,7.15,97:255:255
70,86,8.45,97:255:255
70,416,9.75,97:255:255
70,128,8.45,97:255:255
70,448,9.75,97:255:255
70,242,7.80,97:255:255
70,459,9.10,97:255:255
376,13,9.75,163:20:250
376,47,7.50,30:30:30
376,179,7.50,30:30:30
98,507,9.10,97:255:255
98,296,7.15,97:255:255
98,86,8.45,97:255:255
98,459,9.10,97:255:255
98,346,9.10,97:255:255
98,34,9.10,97:255:255
98,344,7.80,97:255:255
98,440,9.10,97:255:255
98,60,9.10,97:255:255
256,147,7.80,97:255:255
256,187,7.80,97:255:255
256,497,7.15,97:255:255
256,465,7.80,97:255:255
256,168,7.80,97:255:255
256,436,7.80,97:255:255
248,147,7.80,97:255:255
248,497,7.15,97:255:255
248,296,7.15,97:255:255
38,13,17.55,163:20:250
38,263,9.75,163:20:250
38,23,9.00,30:30:30
38,439,9.50,30:30:30
38,102,8.50,30:30:30
38,518,4.50,30:30:30
38,416,9.50,30:30:30
38,90,9.00,30:30:30
38,448,8.00,30:30:30
38,185,8.45,163:20:250
38,179,9.00,30:30:30
38,260,7.50,30:30:30
38,310,7.00,30:30:30
13,263,9.75,163:20:250
13,23,9.00,30:30:30
13,102,8.50,30:30:30
13,518,4.50,30:30:30
13,90,9.00,30:30:30
13,185,8.45,163:20:250
13,179,9.00,30:30:30
13,310,7.00,30:30:30
13,88,9.50,30:30:30
13,365,6.50,30:30:30
147,187,7.80,97:255:255
147,497,7.15,97:255:255
147,465,8.45,97:255:255
147,168,7.80,97:255:255
382,417,6.50,97:255:255
263,23,7.50,30:30:30
263,439,7.50,30:30:30
263,482,6.50,30:30:30
263,102,7.50,30:30:30
263,518,4.50,30:30:30
263,406,7.50,30:30:30
263,416,7.50,30:30:30
263,185,8.45,163:20:250
187,497,7.15,97:255:255
187,86,7.80,97:255:255
187,128,7.80,97:255:255
187,448,7.80,97:255:255
187,242,7.80,97:255:255
187,459,7.80,97:255:255
187,36,7.80,97:255:255
497,86,7.15,97:255:255
497,242,7.15,97:255:255
23,482,8.45,97:255:255
23,102,11.05,97:255:255
23,518,5.85,97:255:255
23,521,7.80,97:255:255
23,396,8.45,97:255:255
23,465,9.75,97:255:255
23,406,11.70,97:255:255
23,90,11.70,97:255:255
439,406,12.35,97:255:255
439,90,11.70,97:255:255
439,128,8.45,97:255:255
439,448,10.40,97:255:255
439,260,9.75,97:255:255
439,132,7.80,97:255:255
482,396,8.45,97:255:255
482,465,8.45,97:255:255
482,406,8.45,97:255:255
482,90,8.45,97:255:255
102,518,5.85,97:255:255
102,521,7.80,97:255:255
102,396,8.45,97:255:255
102,465,9.75,97:255:255
102,406,11.05,97:255:255
102,90,11.05,97:255:255
518,406,5.85,97:255:255
518,90,5.85,97:255:255
507,296,7.15,97:255:255
507,459,9.10,97:255:255
507,34,9.10,97:255:255
521,396,7.80,97:255:255
521,406,7.80,97:255:255
521,90,7.80,97:255:255
396,465,8.45,97:255:255
396,406,8.45,97:255:255
396,90,8.45,97:255:255
296,34,7.15,97:255:255
296,436,7.15,97:255:255
296,437,7.15,97:255:255
465,90,9.75,97:255:255
465,47,9.75,97:255:255
465,168,7.80,97:255:255
406,90,11.70,97:255:255
406,249,6.50,97:255:255
406,216,6.50,97:255:255
86,416,8.45,97:255:255
86,128,8.45,97:255:255
86,448,8.45,97:255:255
86,242,7.80,97:255:255
86,459,8.45,97:255:255
86,47,8.45,97:255:255
86,119,8.45,97:255:255
86,36,8.45,97:255:255
416,90,11.70,97:255:255
416,128,8.45,97:255:255
416,242,7.80,97:255:255
416,459,9.10,97:255:255
416,47,9.75,97:255:255
416,119,8.45,97:255:255
90,168,7.80,97:255:255
90,185,6.50,30:30:30
90,260,9.75,97:255:255
128,448,8.45,97:255:255
128,242,7.80,97:255:255
128,459,8.45,97:255:255
128,47,8.45,97:255:255
128,36,8.45,97:255:255
448,242,7.80,97:255:255
448,185,6.50,30:30:30
448,36,10.40,97:255:255
242,459,7.80,97:255:255
242,47,7.80,97:255:255
242,36,7.80,97:255:255
242,417,7.80,97:255:255
459,216,6.50,97:255:255
459,119,8.45,97:255:255
459,437,9.10,97:255:255
459,316,5.20,97:255:255
346,47,9.75,97:255:255
346,344,7.80,97:255:255
346,440,10.40,97:255:255
346,60,10.40,97:255:255
346,36,10.40,97:255:255
47,119,8.45,97:255:255
47,417,9.75,97:255:255
168,436,7.80,97:255:255
168,333,6.50,97:255:255
168,177,7.15,97:255:255
34,436,9.10,97:255:255
34,437,9.10,97:255:255
34,239,6.50,97:255:255
185,179,6.50,30:30:30
185,277,6.00,30:30:30
185,88,6.50,30:30:30
185,470,6.50,30:30:30
344,440,7.80,97:255:255
344,60,7.80,97:255:255
344,155,7.15,97:255:255
344,480,7.15,97:255:255
179,88,11.70,0:0:255
179,273,5.50,30:30:30
179,18,11.70,0:0:255
179,326,5.20,0:0:255
249,216,6.50,97:255:255
249,119,6.50,97:255:255
440,60,10.40,97:255:255
440,155,7.15,97:255:255
440,333,6.50,97:255:255
440,177,7.15,97:255:255
440,332,5.85,97:255:255
440,480,7.15,97:255:255
60,155,7.15,97:255:255
60,333,6.50,97:255:255
60,177,7.15,97:255:255
60,332,5.85,97:255:255
60,480,7.15,97:255:255
436,129,7.15,97:255:255
436,52,9.10,97:255:255
436,239,6.50,97:255:255
436,362,6.50,97:255:255
216,119,6.50,97:255:255
216,266,6.50,97:255:255
216,141,6.50,97:255:255
216,437,6.50,97:255:255
216,550,4.55,97:255:255
216,417,6.50,97:255:255
216,239,6.50,97:255:255
216,442,6.50,97:255:255
119,36,8.45,97:255:255
119,266,7.15,97:255:255
119,141,7.15,97:255:255
119,550,4.55,97:255:255
119,417,8.45,97:255:255
119,480,7.15,97:255:255
119,470,6.50,30:30:30
36,260,9.75,97:255:255
36,480,7.15,97:255:255
36,273,7.15,97:255:255
36,189,7.80,97:255:255
36,199,7.50,30:30:30
36,287,5.85,97:255:255
36,269,4.50,30:30:30
260,132,7.80,97:255:255
260,189,7.80,97:255:255
260,470,7.50,30:30:30
260,161,7.50,30:30:30
155,52,7.15,97:255:255
155,332,5.85,97:255:255
155,480,7.15,97:255:255
132,546,5.85,97:255:255
129,52,7.15,97:255:255
266,141,7.15,97:255:255
266,550,4.55,97:255:255
266,417,7.15,97:255:255
266,442,7.15,97:255:255
141,550,4.55,97:255:255
141,417,7.15,97:255:255
141,442,7.15,97:255:255
310,277,7.80,0:0:255
310,88,9.10,0:0:255
310,365,8.45,0:0:255
310,470,9.10,0:0:255
310,199,9.10,0:0:255
310,269,5.85,0:0:255
310,18,9.10,0:0:255
437,550,4.55,97:255:255
437,239,6.50,97:255:255
437,362,6.50,97:255:255
437,245,4.55,97:255:255
437,427,9.10,97:255:255
316,417,5.20,97:255:255
316,287,5.20,97:255:255
550,417,4.55,97:255:255
550,442,4.55,97:255:255
417,239,6.50,97:255:255
417,442,10.40,97:255:255
417,362,6.50,97:255:255
417,358,5.20,97:255:255
417,72,7.80,97:255:255
333,177,6.50,97:255:255
333,540,5.20,97:255:255
333,421,6.50,97:255:255
177,540,5.20,97:255:255
177,421,7.15,97:255:255
332,277,4.50,30:30:30
332,480,5.85,97:255:255
239,442,6.50,97:255:255
239,421,6.50,97:255:255
239,335,5.20,97:255:255
277,365,7.80,0:0:255
277,189,6.00,30:30:30
480,10,5.50,30:30:30
88,273,5.50,30:30:30
88,18,12.35,0:0:255
88,326,5.20,0:0:255
365,18,8.45,0:0:255
273,189,7.15,97:255:255
273,199,5.50,30:30:30
442,413,8.00,30:30:30
442,374,7.15,97:255:255
540,421,5.20,97:255:255
362,287,5.85,97:255:255
362,342,4.55,97:255:255
362,245,4.55,97:255:255
362,427,6.50,97:255:255
189,470,6.00,30:30:30
189,287,5.85,97:255:255
358,426,4.00,30:30:30
421,10,8.00,30:30:30
470,199,9.75,0:0:255
470,269,5.85,0:0:255
470,10,10.40,0:0:255
470,35,10.40,0:0:255
470,18,10.40,0:0:255
199,269,5.85,0:0:255
199,18,9.75,0:0:255
335,287,5.20,97:255:255
335,342,4.55,97:255:255
335,427,5.20,97:255:255
335,374,5.20,97:255:255
287,342,4.55,97:255:255
287,245,4.55,97:255:255
287,427,5.85,97:255:255
287,307,5.85,97:255:255
287,305,5.85,97:255:255
269,35,5.85,0:0:255
269,18,5.85,0:0:255
342,245,4.55,97:255:255
342,427,4.55,97:255:255
342,374,4.55,97:255:255
413,158,8.45,133:49:12
413,363,5.85,133:49:12
413,338,7.80,133:49:12
413,157,9.10,133:49:12
413,61,9.10,133:49:12
413,166,6.50,133:49:12
413,149,6.50,133:49:12
413,426,8.45,133:49:12
413,78,6.50,133:49:12
245,427,4.55,97:255:255
245,374,4.55,97:255:255
245,172,4.55,97:255:255
546,10,4.50,30:30:30
158,363,5.85,133:49:12
158,338,7.80,133:49:12
158,157,8.45,133:49:12
158,61,8.45,133:49:12
158,166,6.50,133:49:12
158,426,8.45,133:49:12
529,364,4.55,97:255:255
529,87,4.55,97:255:255
363,338,5.85,133:49:12
363,157,5.85,133:49:12
363,61,5.85,133:49:12
363,166,5.85,133:49:12
363,149,5.85,133:49:12
363,426,5.85,133:49:12
363,78,5.85,133:49:12
338,157,7.80,133:49:12
338,61,7.80,133:49:12
338,166,6.50,133:49:12
338,149,6.50,133:49:12
338,426,7.80,133:49:12
338,78,6.50,133:49:12
157,61,9.10,133:49:12
157,166,6.50,133:49:12
157,149,6.50,133:49:12
157,426,8.45,133:49:12
157,78,6.50,133:49:12
61,364,4.00,30:30:30
61,166,6.50,133:49:12
61,149,6.50,133:49:12
61,426,8.45,133:49:12
61,254,5.50,30:30:30
61,293,5.00,30:30:30
364,72,5.20,97:255:255
364,97,5.20,97:255:255
364,87,5.20,97:255:255
427,374,7.15,97:255:255
427,227,7.80,97:255:255
427,120,6.50,97:255:255
427,172,7.15,97:255:255
166,149,6.50,133:49:12
166,426,6.50,133:49:12
166,78,6.50,133:49:12
166,468,6.50,133:49:12
374,97,7.15,97:255:255
374,293,6.50,97:255:255
374,227,7.15,97:255:255
374,120,6.50,97:255:255
374,172,7.15,97:255:255
552,254,3.90,97:255:255
552,87,3.90,97:255:255
275,97,6.50,97:255:255
275,254,6.50,97:255:255
72,426,6.00,30:30:30
72,97,7.80,97:255:255
72,254,7.15,97:255:255
72,293,6.50,97:255:255
72,87,7.80,97:255:255
72,508,7.80,97:255:255
72,369,5.85,97:255:255
72,343,5.85,97:255:255
72,30,7.80,97:255:255
149,426,6.50,133:49:12
149,97,5.00,30:30:30
149,227,5.00,30:30:30
493,97,6.50,97:255:255
493,254,6.50,97:255:255
493,293,6.50,97:255:255
426,254,5.50,30:30:30
426,78,6.50,133:49:12
426,468,8.45,133:49:12
426,508,6.00,30:30:30
426,30,6.50,30:30:30
426,206,4.50,30:30:30
97,254,7.15,97:255:255
97,293,6.50,97:255:255
97,87,8.45,97:255:255
97,404,6.50,30:30:30
254,293,6.50,97:255:255
254,87,7.15,97:255:255
254,404,5.50,30:30:30
293,87,6.50,97:255:255
293,404,5.00,30:30:30
10,432,11.05,0:0:255
10,500,9.75,0:0:255
10,491,11.70,0:0:255
10,538,5.85,0:0:255
10,415,11.05,0:0:255
10,514,6.00,30:30:30
87,404,7.50,30:30:30
78,548,3.50,30:30:30
78,53,5.00,30:30:30
35,161,9.75,0:0:255
35,18,13.65,0:0:255
35,500,9.75,0:0:255
35,491,11.70,0:0:255
35,538,5.85,0:0:255
35,326,5.20,0:0:255
35,415,11.05,0:0:255
432,538,5.85,0:0:255
307,305,5.85,97:255:255
307,227,6.50,97:255:255
307,508,6.50,97:255:255
307,315,6.50,97:255:255
307,109,6.50,97:255:255
305,315,5.85,97:255:255
305,109,5.85,97:255:255
468,321,5.50,30:30:30
227,120,6.50,97:255:255
227,172,7.15,97:255:255
227,429,7.80,97:255:255
227,520,4.50,30:30:30
227,404,6.00,30:30:30
227,113,6.00,30:30:30
227,231,5.50,30:30:30
227,315,6.50,97:255:255
161,18,9.75,0:0:255
161,339,5.20,0:0:255
161,195,6.50,0:0:255
161,75,9.75,0:0:255
161,389,5.50,30:30:30
18,500,9.75,0:0:255
18,491,11.70,0:0:255
18,538,5.85,0:0:255
18,326,5.20,0:0:255
18,415,11.05,0:0:255
18,339,5.20,0:0:255
18,514,6.00,30:30:30
18,75,10.40,0:0:255
18,255,7.15,0:0:255
18,115,9.75,0:0:255
18,54,10.40,0:0:255
18,37,7.50,30:30:30
500,491,9.75,0:0:255
500,415,9.75,0:0:255
491,415,11.05,0:0:255
120,172,6.50,97:255:255
120,429,6.50,97:255:255
120,520,4.50,30:30:30
120,404,5.00,30:30:30
120,315,6.50,97:255:255
120,284,5.00,30:30:30
538,415,5.85,0:0:255
508,369,5.85,97:255:255
508,343,5.85,97:255:255
508,30,7.80,97:255:255
508,109,7.15,97:255:255
369,30,5.85,97:255:255
369,404,4.50,30:30:30
369,419,4.50,30:30:30
172,429,7.15,97:255:255
172,284,5.50,30:30:30
172,456,5.50,30:30:30
429,315,6.50,97:255:255
343,30,5.85,97:255:255
343,113,4.50,30:30:30
343,548,3.50,30:30:30
343,487,4.50,30:30:30
343,213,4.50,30:30:30
343,423,4.50,30:30:30
343,461,4.50,30:30:30
30,551,3.00,30:30:30
30,113,6.00,30:30:30
30,548,3.50,30:30:30
30,487,5.50,30:30:30
30,423,7.00,30:30:30
30,461,6.00,30:30:30
30,524,4.50,30:30:30
30,419,7.00,30:30:30
520,113,5.85,0:153:0
520,325,5.85,0:153:0
520,545,4.55,0:153:0
520,357,5.85,0:153:0
520,213,5.85,0:153:0
520,423,5.85,0:153:0
206,551,3.90,0:153:0
206,113,5.85,0:153:0
206,325,5.85,0:153:0
206,487,5.85,0:153:0
206,423,5.85,0:153:0
206,419,5.85,0:153:0
326,415,5.20,0:0:255
326,54,5.20,0:0:255
326,37,4.00,30:30:30
326,4,4.00,30:30:30
415,389,5.50,30:30:30
415,54,10.40,0:0:255
551,113,3.90,0:153:0
551,325,3.90,0:153:0
551,213,3.90,0:153:0
404,113,7.80,0:153:0
404,231,7.15,0:153:0
404,315,5.00,30:30:30
404,325,5.85,0:153:0
404,284,7.15,0:153:0
404,213,7.80,0:153:0
404,419,9.75,0:153:0
404,196,7.15,0:153:0
404,294,7.80,0:153:0
404,373,7.15,0:153:0
404,372,5.85,0:153:0
404,21,11.05,0:153:0
113,325,5.85,0:153:0
113,545,4.55,0:153:0
113,357,5.85,0:153:0
113,213,7.80,0:153:0
113,423,7.80,0:153:0
113,461,7.80,0:153:0
113,524,5.85,0:153:0
231,315,5.00,30:30:30
231,325,5.85,0:153:0
231,213,7.15,0:153:0
231,419,7.15,0:153:0
339,195,5.20,0:0:255
339,75,5.20,0:0:255
548,53,4.55,0:153:0
548,423,4.55,0:153:0
548,180,4.55,0:153:0
548,217,4.55,0:153:0
315,325,4.50,30:30:30
315,284,5.00,30:30:30
315,213,5.00,30:30:30
315,361,5.00,30:30:30
315,21,5.00,30:30:30
325,545,4.55,0:153:0
325,357,5.85,0:153:0
325,213,5.85,0:153:0
325,423,5.85,0:153:0
325,461,5.85,0:153:0
325,419,5.85,0:153:0
545,213,4.55,0:153:0
545,423,4.55,0:153:0
545,461,4.55,0:153:0
284,196,7.15,0:153:0
284,294,7.15,0:153:0
284,373,7.15,0:153:0
284,21,7.15,0:153:0
487,524,5.85,0:153:0
487,528,5.85,0:153:0
487,217,7.15,0:153:0
357,213,5.85,0:153:0
357,423,5.85,0:153:0
357,461,5.85,0:153:0
357,524,5.85,0:153:0
357,401,5.85,0:153:0
53,323,6.50,0:153:0
53,454,7.80,0:153:0
213,423,7.80,0:153:0
213,461,7.80,0:153:0
213,524,5.85,0:153:0
213,544,5.85,0:153:0
213,401,6.50,0:153:0
213,323,6.50,0:153:0
213,454,7.80,0:153:0
423,461,7.80,0:153:0
423,321,7.15,0:153:0
423,524,5.85,0:153:0
423,544,5.85,0:153:0
423,180,8.45,0:153:0
423,217,7.80,0:153:0
423,345,6.50,0:153:0
423,401,6.50,0:153:0
423,218,6.50,0:153:0
461,321,7.15,0:153:0
461,524,5.85,0:153:0
461,180,7.80,0:153:0
461,401,6.50,0:153:0
461,218,6.50,0:153:0
321,524,5.85,0:153:0
321,401,6.50,0:153:0
321,218,6.50,0:153:0
524,180,5.85,0:153:0
524,401,5.85,0:153:0
524,218,5.85,0:153:0
419,196,7.15,0:153:0
419,294,7.80,0:153:0
419,373,7.15,0:153:0
419,218,6.50,0:153:0
419,449,7.00,30:30:30
195,75,6.50,0:0:255
195,509,6.50,0:0:255
196,294,7.15,0:153:0
196,345,6.50,0:153:0
196,21,7.15,0:153:0
294,514,6.00,30:30:30
294,345,6.50,0:153:0
294,373,7.15,0:153:0
294,372,5.85,0:153:0
294,21,7.80,0:153:0
109,180,5.50,30:30:30
109,217,5.50,30:30:30
109,33,5.50,30:30:30
544,180,5.85,0:153:0
544,401,5.85,0:153:0
514,361,7.80,0:255:127
514,21,6.00,30:30:30
514,456,7.80,0:255:127
514,163,7.80,0:255:127
514,49,7.80,0:255:127
514,29,6.00,30:30:30
180,217,7.80,0:153:0
180,401,6.50,0:153:0
180,454,8.45,0:153:0
75,389,5.50,30:30:30
75,115,9.75,0:0:255
75,509,7.15,0:0:255
75,233,4.50,30:30:30
528,217,5.85,0:153:0
217,107,6.00,30:30:30
345,218,6.50,0:153:0
345,372,5.85,0:153:0
345,21,6.50,0:153:0
401,503,5.00,30:30:30
323,131,6.50,0:153:0
323,454,6.50,0:153:0
389,233,5.85,0:255:127
389,4,5.50,30:30:30
373,131,7.15,0:153:0
373,372,5.85,0:153:0
373,21,7.15,0:153:0
373,454,7.15,0:153:0
373,449,5.50,30:30:30
255,115,7.15,0:0:255
255,257,7.15,0:0:255
255,49,5.50,30:30:30
218,372,5.85,0:153:0
218,264,6.50,0:153:0
218,127,5.00,30:30:30
131,21,7.15,0:153:0
131,454,7.15,0:153:0
372,21,5.85,0:153:0
372,449,4.50,30:30:30
372,29,4.50,30:30:30
372,127,4.50,30:30:30
361,163,7.80,0:255:127
361,449,7.80,0:255:127
361,515,6.50,0:255:127
361,49,7.80,0:255:127
361,117,7.80,0:255:127
361,274,6.50,0:255:127
361,29,6.00,30:30:30
21,449,7.00,30:30:30
21,233,4.50,30:30:30
21,274,5.00,30:30:30
21,441,8.50,30:30:30
21,29,8.50,30:30:30
21,4,8.50,30:30:30
21,523,6.00,30:30:30
21,48,8.50,30:30:30
456,163,7.80,0:255:127
456,107,7.50,30:30:30
456,341,5.00,30:30:30
456,49,9.10,0:255:127
456,117,7.80,0:255:127
456,42,7.00,30:30:30
454,340,7.15,0:153:0
454,264,6.50,0:153:0
454,116,9.10,0:153:0
115,54,9.75,0:0:255
115,257,7.15,0:0:255
115,49,7.00,30:30:30
115,37,7.50,30:30:30
115,4,7.50,30:30:30
115,402,7.50,30:30:30
163,449,7.80,0:255:127
163,515,6.50,0:255:127
163,49,7.80,0:255:127
163,117,7.80,0:255:127
163,29,6.00,30:30:30
509,117,5.50,30:30:30
509,33,5.50,30:30:30
107,341,6.50,255:0:0
107,503,7.80,255:0:0
107,49,7.00,30:30:30
107,202,8.45,255:0:0
107,304,7.15,255:0:0
107,133,9.75,255:0:0
341,503,6.50,255:0:0
341,49,5.00,30:30:30
503,202,7.80,255:0:0
503,304,7.15,255:0:0
503,133,7.80,255:0:0
503,499,7.80,255:0:0
449,515,6.50,0:255:127
449,117,7.80,0:255:127
449,29,7.00,30:30:30
449,127,9.10,0:255:127
449,4,7.00,30:30:30
449,84,7.00,30:30:30
449,55,7.00,30:30:30
54,233,4.50,30:30:30
54,37,7.50,30:30:30
54,441,8.00,30:30:30
54,4,8.00,30:30:30
54,402,8.00,30:30:30
54,9,8.00,30:30:30
54,1,8.00,30:30:30
515,117,6.50,0:255:127
515,274,6.50,0:255:127
515,29,5.00,30:30:30
515,4,5.00,30:30:30
257,49,5.50,30:30:30
257,402,5.50,30:30:30
49,117,7.80,0:255:127
49,42,7.00,30:30:30
49,83,6.50,30:30:30
146,233,5.85,0:255:127
146,274,6.50,0:255:127
146,127,7.15,0:255:127
233,274,5.85,0:255:127
233,29,4.50,30:30:30
233,127,5.85,0:255:127
233,4,4.50,30:30:30
233,48,4.50,30:30:30
233,1,4.50,30:30:30
37,4,7.50,30:30:30
37,402,9.75,240:139:129
37,460,9.75,240:139:129
117,304,5.50,30:30:30
117,133,6.00,30:30:30
117,29,6.00,30:30:30
117,84,6.00,30:30:30
117,55,6.00,30:30:30
202,304,7.15,255:0:0
202,133,8.45,255:0:0
202,499,8.45,255:0:0
274,29,5.00,30:30:30
274,127,6.50,0:255:127
274,4,5.00,30:30:30
274,1,5.00,30:30:30
340,264,6.50,0:153:0
340,116,7.15,0:153:0
304,133,7.15,255:0:0
304,29,5.50,30:30:30
304,499,7.15,255:0:0
304,20,5.50,30:30:30
264,133,5.00,30:30:30
264,127,5.00,30:30:30
264,116,6.50,0:153:0
264,9,5.00,30:30:30
133,499,8.45,255:0:0
133,20,7.50,30:30:30
441,4,12.35,184:0:0
441,48,12.35,184:0:0
441,1,12.35,184:0:0
29,127,8.00,30:30:30
29,4,11.70,184:0:0
29,20,11.05,184:0:0
29,55,7.50,30:30:30
29,320,6.50,184:0:0
29,9,11.70,184:0:0
29,387,7.80,184:0:0
29,190,7.00,30:30:30
29,1,11.70,184:0:0
127,4,8.00,30:30:30
127,523,6.00,30:30:30
127,48,8.00,30:30:30
127,320,5.00,30:30:30
127,1,8.00,30:30:30
127,424,8.00,30:30:30
127,81,8.00,30:30:30
4,523,7.80,184:0:0
4,48,12.35,184:0:0
4,20,11.05,184:0:0
4,320,6.50,184:0:0
4,9,13.00,184:0:0
4,1,14.95,184:0:0
4,31,10.40,184:0:0
4,26,9.00,30:30:30
4,6,11.50,30:30:30
116,352,5.85,0:153:0
116,20,7.00,30:30:30
116,55,7.00,30:30:30
116,387,6.00,30:30:30
116,190,7.00,30:30:30
499,135,8.45,255:0:0
499,45,8.45,255:0:0
84,554,3.25,255:0:0
84,443,9.10,255:0:0
84,55,9.10,255:0:0
84,91,8.45,255:0:0
84,190,9.10,255:0:0
523,48,7.80,184:0:0
523,20,7.80,184:0:0
523,9,7.80,184:0:0
523,1,7.80,184:0:0
523,31,7.80,184:0:0
352,91,4.50,30:30:30
48,20,11.05,184:0:0
48,320,6.50,184:0:0
48,9,12.35,184:0:0
48,1,12.35,184:0:0
48,19,12.35,184:0:0
48,366,8.50,30:30:30
48,460,7.50,30:30:30
48,31,10.40,184:0:0
554,55,3.25,255:0:0
554,190,3.25,255:0:0
443,55,9.75,255:0:0
443,91,8.45,255:0:0
443,190,9.10,255:0:0
20,55,7.50,30:30:30
20,9,11.05,184:0:0
20,387,7.80,184:0:0
20,1,11.05,184:0:0
20,297,7.80,184:0:0
20,394,7.80,184:0:0
20,424,11.05,184:0:0
20,19,11.05,184:0:0
20,349,8.00,30:30:30
402,33,9.10,240:139:129
402,42,7.00,30:30:30
402,311,6.50,30:30:30
402,106,6.00,30:30:30
55,387,6.00,30:30:30
55,91,8.45,255:0:0
55,190,9.10,255:0:0
55,303,6.50,255:0:0
55,148,7.80,255:0:0
55,422,9.75,255:0:0
320,33,5.00,30:30:30
320,1,6.50,184:0:0
320,424,6.50,184:0:0
320,31,6.50,184:0:0
320,81,6.50,184:0:0
9,387,7.80,184:0:0
9,91,6.50,30:30:30
9,1,13.00,184:0:0
9,297,7.80,184:0:0
9,394,7.80,184:0:0
9,424,11.70,184:0:0
9,19,13.00,184:0:0
9,460,7.50,30:30:30
9,506,5.50,30:30:30
9,16,11.70,184:0:0
9,22,7.50,30:30:30
9,26,9.00,30:30:30
387,190,6.00,30:30:30
387,394,7.80,184:0:0
387,76,6.00,30:30:30
387,22,6.00,30:30:30
33,17,9.10,240:139:129
33,1,7.00,30:30:30
33,262,6.50,30:30:30
33,26,7.00,30:30:30
33,6,7.00,30:30:30
33,533,5.00,30:30:30
42,83,8.45,255:0:0
42,530,6.50,255:0:0
42,311,8.45,255:0:0
42,405,9.10,255:0:0
42,347,6.50,255:0:0
91,190,8.45,255:0:0
91,422,8.45,255:0:0
135,45,8.45,255:0:0
135,262,8.45,255:0:0
135,82,8.45,255:0:0
135,490,7.15,255:0:0
135,50,8.45,255:0:0
17,311,6.50,30:30:30
190,303,6.50,255:0:0
190,349,9.10,255:0:0
190,76,9.10,255:0:0
190,24,7.00,30:30:30
190,51,9.10,255:0:0
190,422,9.10,255:0:0
1,394,7.80,184:0:0
1,424,11.70,184:0:0
1,19,13.65,184:0:0
1,262,6.50,30:30:30
1,460,7.50,30:30:30
1,31,10.40,184:0:0
1,506,5.50,30:30:30
1,130,10.40,184:0:0
1,471,7.00,30:30:30
1,300,6.00,30:30:30
1,8,9.50,30:30:30
1,12,10.00,30:30:30
1,81,11.05,184:0:0
1,512,6.00,30:30:30
1,399,5.50,30:30:30
1,26,9.00,30:30:30
1,6,11.50,30:30:30
297,424,7.80,184:0:0
297,19,7.80,184:0:0
297,205,6.00,30:30:30
394,424,7.80,184:0:0
394,19,7.80,184:0:0
394,16,7.80,184:0:0
394,12,6.00,30:30:30
424,19,11.70,184:0:0
424,31,10.40,184:0:0
424,130,10.40,184:0:0
424,101,8.00,30:30:30
424,204,7.80,184:0:0
424,81,11.05,184:0:0
45,262,8.45,255:0:0
45,490,7.15,255:0:0
45,50,9.10,255:0:0
45,530,6.50,255:0:0
45,471,9.10,255:0:0
45,534,9.10,255:0:0
45,251,7.15,255:0:0
45,204,6.00,30:30:30
45,422,9.10,255:0:0
19,130,10.40,184:0:0
19,16,11.70,184:0:0
19,241,6.50,30:30:30
19,12,10.00,30:30:30
19,205,6.00,30:30:30
303,506,6.50,255:0:0
303,16,5.00,30:30:30
303,22,6.50,255:0:0
303,51,6.50,255:0:0
262,82,8.45,255:0:0
262,530,6.50,255:0:0
262,31,6.50,30:30:30
262,238,8.45,255:0:0
262,285,8.45,255:0:0
349,32,10.40,255:0:0
349,384,10.40,255:0:0
349,309,7.80,255:0:0
82,530,6.50,255:0:0
82,39,9.10,255:0:0
82,238,9.10,255:0:0
82,285,9.10,255:0:0
490,50,7.15,255:0:0
490,471,7.15,255:0:0
490,534,7.15,255:0:0
490,311,7.15,255:0:0
490,251,7.15,255:0:0
490,422,7.15,255:0:0
83,530,6.50,255:0:0
83,76,8.45,255:0:0
83,311,8.45,255:0:0
83,347,6.50,255:0:0
83,531,6.50,255:0:0
83,469,6.50,30:30:30
50,76,9.75,255:0:0
50,471,9.10,255:0:0
50,534,9.10,255:0:0
50,251,7.15,255:0:0
50,204,6.00,30:30:30
50,422,11.05,255:0:0
366,539,6.50,240:139:129
366,41,10.40,240:139:129
366,68,10.40,240:139:129
460,130,7.50,30:30:30
460,24,9.75,240:139:129
460,16,7.50,30:30:30
460,22,7.50,30:30:30
460,12,7.50,30:30:30
460,549,5.85,240:139:129
460,41,9.75,240:139:129
460,68,9.75,240:139:129
460,210,9.10,240:139:129
530,39,6.50,255:0:0
530,76,6.50,255:0:0
530,238,6.50,255:0:0
530,204,5.00,30:30:30
530,285,6.50,255:0:0
530,347,6.50,255:0:0
31,204,7.80,184:0:0
31,81,10.40,184:0:0
31,6,8.00,30:30:30
31,215,8.00,30:30:30
506,76,7.15,255:0:0
506,22,7.15,255:0:0
506,51,7.15,255:0:0
506,77,7.15,255:0:0
506,139,7.15,255:0:0
39,238,9.10,255:0:0
39,148,7.80,255:0:0
39,347,6.50,255:0:0
76,534,9.10,255:0:0
76,251,7.15,255:0:0
76,51,9.75,255:0:0
76,204,6.00,30:30:30
76,405,9.75,255:0:0
76,7,9.75,255:0:0
130,471,7.00,30:30:30
130,8,8.00,30:30:30
130,12,8.00,30:30:30
130,399,5.50,30:30:30
130,405,8.00,30:30:30
471,251,7.15,255:0:0
471,8,9.10,255:0:0
471,12,9.10,255:0:0
471,399,7.15,255:0:0
471,286,7.80,255:0:0
534,251,7.15,255:0:0
534,204,6.00,30:30:30
534,7,9.10,255:0:0
311,531,6.50,255:0:0
311,197,5.50,30:30:30
311,469,6.50,30:30:30
238,278,6.50,30:30:30
24,549,5.85,240:139:129
24,203,7.80,240:139:129
24,68,10.40,240:139:129
16,205,6.00,30:30:30
16,422,9.00,30:30:30
16,285,7.00,30:30:30
16,319,8.00,30:30:30
16,2,9.00,30:30:30
16,68,8.00,30:30:30
241,300,7.80,255:0:0
241,205,7.80,255:0:0
241,2,8.45,255:0:0
22,51,9.75,255:0:0
22,110,7.50,30:30:30
22,478,7.00,30:30:30
148,205,7.80,255:0:0
148,422,7.80,255:0:0
148,2,7.80,255:0:0
148,451,6.00,30:30:30
251,204,5.50,30:30:30
251,405,7.15,255:0:0
251,28,5.50,30:30:30
51,258,7.80,255:0:0
51,114,11.05,255:0:0
51,139,9.10,255:0:0
51,7,11.05,255:0:0
300,205,7.80,255:0:0
300,77,7.80,255:0:0
300,80,7.80,255:0:0
300,2,7.80,255:0:0
32,384,11.05,255:0:0
32,309,7.80,255:0:0
32,167,8.45,255:0:0
384,309,7.80,255:0:0
384,167,8.45,255:0:0
309,167,7.80,255:0:0
8,101,10.40,255:0:0
8,12,12.35,255:0:0
8,525,5.85,255:0:0
8,25,11.05,255:0:0
8,405,12.35,255:0:0
8,252,7.80,255:0:0
8,286,7.80,255:0:0
101,25,10.40,255:0:0
101,405,10.40,255:0:0
101,504,7.80,255:0:0
101,2,10.40,255:0:0
12,422,13.00,255:0:0
12,512,7.80,255:0:0
12,399,7.15,255:0:0
12,405,13.00,255:0:0
12,89,9.75,255:0:0
12,252,7.80,255:0:0
12,286,7.80,255:0:0
12,184,7.50,30:30:30
12,378,7.15,255:0:0
204,81,7.80,184:0:0
204,192,5.50,30:30:30
204,445,6.00,30:30:30
205,422,7.80,255:0:0
205,77,7.80,255:0:0
205,479,7.80,255:0:0
205,2,7.80,255:0:0
205,59,7.80,255:0:0
205,473,6.00,30:30:30
422,25,11.05,255:0:0
422,258,7.80,255:0:0
422,80,10.40,255:0:0
422,106,7.80,255:0:0
422,2,13.00,255:0:0
422,85,11.70,255:0:0
422,140,7.15,255:0:0
422,473,6.00,30:30:30
422,451,10.00,30:30:30
422,485,6.50,30:30:30
549,68,5.85,240:139:129
549,194,5.85,240:139:129
81,6,8.50,30:30:30
81,445,8.50,30:30:30
81,63,8.50,30:30:30
512,399,7.15,255:0:0
512,139,7.80,255:0:0
512,7,7.80,255:0:0
512,286,7.80,255:0:0
399,405,7.15,255:0:0
399,89,7.15,255:0:0
399,286,7.15,255:0:0
399,184,5.50,30:30:30
399,28,5.50,30:30:30
285,165,7.00,30:30:30
285,178,5.50,30:30:30
285,224,6.00,30:30:30
539,41,6.50,240:139:129
539,68,6.50,240:139:129
539,210,6.50,240:139:129
77,258,7.80,255:0:0
77,80,10.40,255:0:0
77,114,10.40,255:0:0
77,479,9.10,255:0:0
77,2,10.40,255:0:0
77,278,6.50,30:30:30
41,68,10.40,240:139:129
41,110,9.75,240:139:129
25,504,7.80,255:0:0
25,2,11.05,255:0:0
319,405,10.40,255:0:0
319,252,7.80,255:0:0
319,537,7.15,255:0:0
167,405,8.45,255:0:0
167,89,8.45,255:0:0
167,59,8.45,255:0:0
167,537,7.15,255:0:0
405,347,6.50,255:0:0
405,89,9.75,255:0:0
405,139,9.10,255:0:0
405,252,7.80,255:0:0
405,7,12.35,255:0:0
405,59,9.10,255:0:0
405,537,7.15,255:0:0
405,28,8.50,30:30:30
405,466,9.75,255:0:0
258,80,7.80,255:0:0
258,114,7.80,255:0:0
258,479,7.80,255:0:0
258,2,7.80,255:0:0
258,278,6.00,30:30:30
347,2,6.50,255:0:0
347,73,5.00,30:30:30
347,469,5.00,30:30:30
26,6,11.70,255:143:0
26,215,10.40,255:143:0
26,533,6.50,255:143:0
26,69,9.10,255:143:0
80,479,9.10,255:0:0
80,2,10.40,255:0:0
80,451,8.00,30:30:30
89,114,9.75,255:0:0
89,139,9.10,255:0:0
89,7,9.75,255:0:0
89,59,9.10,255:0:0
89,537,7.15,255:0:0
114,479,9.10,255:0:0
114,2,11.05,255:0:0
114,59,9.10,255:0:0
114,537,7.15,255:0:0
114,28,8.50,30:30:30
106,85,7.80,255:0:0
106,453,6.00,30:30:30
106,475,6.00,30:30:30
504,139,7.80,255:0:0
504,7,7.80,255:0:0
504,165,6.00,30:30:30
479,139,9.10,255:0:0
479,2,9.10,255:0:0
479,7,9.10,255:0:0
479,59,9.10,255:0:0
531,473,5.00,30:30:30
531,469,5.00,30:30:30
139,2,9.10,255:0:0
139,7,9.10,255:0:0
139,466,9.10,255:0:0
203,192,7.15,240:139:129
203,194,7.80,240:139:129
203,165,7.80,240:139:129
203,191,7.15,240:139:129
203,457,7.80,240:139:129
203,162,7.80,240:139:129
2,7,12.35,255:0:0
2,59,9.10,255:0:0
2,85,11.70,255:0:0
2,140,7.15,255:0:0
2,473,6.00,30:30:30
2,452,8.50,30:30:30
2,451,10.00,30:30:30
2,485,6.50,30:30:30
252,286,7.80,255:0:0
252,537,7.15,255:0:0
252,478,6.00,30:30:30
68,144,6.50,30:30:30
192,194,7.15,240:139:129
192,191,7.15,240:139:129
192,457,7.15,240:139:129
192,162,7.15,240:139:129
7,110,7.50,30:30:30
7,478,7.00,30:30:30
7,224,6.00,30:30:30
7,313,6.50,255:0:0
7,292,6.50,255:0:0
7,466,9.75,255:0:0
286,184,6.00,30:30:30
286,378,7.15,255:0:0
286,28,6.00,30:30:30
286,110,6.00,30:30:30
286,200,7.80,255:0:0
286,44,6.00,30:30:30
278,505,6.50,240:139:129
278,73,8.45,240:139:129
59,537,7.15,255:0:0
59,28,7.00,30:30:30
59,452,7.00,30:30:30
59,44,7.00,30:30:30
194,165,9.10,240:139:129
194,191,7.15,240:139:129
194,457,9.75,240:139:129
194,162,7.80,240:139:129
165,191,7.15,240:139:129
165,457,9.10,240:139:129
165,178,7.15,240:139:129
165,62,9.10,240:139:129
184,378,5.50,30:30:30
184,28,9.75,240:139:129
184,200,6.50,30:30:30
184,452,9.75,240:139:129
537,414,5.50,30:30:30
197,469,7.15,240:139:129
85,451,9.00,30:30:30
85,475,7.50,30:30:30
210,457,9.10,240:139:129
210,478,9.10,240:139:129
210,62,9.10,240:139:129
210,243,7.15,240:139:129
210,414,9.10,240:139:129
191,457,7.15,240:139:129
191,162,7.15,240:139:129
378,28,5.50,30:30:30
378,200,7.15,255:0:0
378,452,5.50,30:30:30
140,313,6.50,255:0:0
28,224,7.80,240:139:129
28,62,10.40,240:139:129
28,452,11.05,240:139:129
28,243,7.15,240:139:129
28,44,10.40,240:139:129
473,451,7.80,240:139:129
473,292,5.00,30:30:30
473,272,6.50,240:139:129
473,236,7.15,240:139:129
110,457,9.75,240:139:129
110,478,9.10,240:139:129
110,44,9.75,240:139:129
110,510,5.20,240:139:129
110,226,5.85,240:139:129
457,478,9.10,240:139:129
457,162,7.80,240:139:129
457,62,10.40,240:139:129
457,414,10.40,240:139:129
478,44,9.10,240:139:129
478,510,5.20,240:139:129
478,226,5.85,240:139:129
178,224,7.15,240:139:129
178,62,7.15,240:139:129
178,243,7.15,240:139:129
178,505,6.50,240:139:129
178,414,7.15,240:139:129
178,73,7.15,240:139:129
162,15,7.80,240:139:129
224,62,7.80,240:139:129
224,452,7.80,240:139:129
224,243,7.15,240:139:129
224,505,6.50,240:139:129
224,313,5.00,30:30:30
224,44,7.80,240:139:129
224,414,7.80,240:139:129
62,243,7.15,240:139:129
62,505,6.50,240:139:129
62,414,10.40,240:139:129
452,44,10.40,240:139:129
452,445,8.50,30:30:30
452,485,6.50,30:30:30
451,292,5.00,30:30:30
451,466,7.50,30:30:30
451,475,9.75,240:139:129
451,272,6.50,240:139:129
451,494,7.80,240:139:129
451,151,6.50,240:139:129
451,301,5.20,240:139:129
451,236,7.15,240:139:129
451,397,7.80,240:139:129
451,15,9.75,240:139:129
243,505,6.50,240:139:129
243,414,7.15,240:139:129
6,313,5.00,30:30:30
6,510,4.00,30:30:30
6,445,11.05,255:143:0
6,215,10.40,255:143:0
6,533,6.50,255:143:0
6,63,11.05,255:143:0
6,532,7.15,255:143:0
6,69,9.10,255:143:0
6,40,9.10,255:143:0
6,412,9.75,255:143:0
6,150,8.00,30:30:30
505,313,5.00,30:30:30
505,414,6.50,240:139:129
505,73,6.50,240:139:129
313,292,6.50,255:0:0
313,485,5.00,30:30:30
313,215,5.00,30:30:30
292,447,5.00,30:30:30
44,445,8.00,30:30:30
44,485,6.50,30:30:30
44,63,8.00,30:30:30
44,324,6.00,30:30:30
466,414,7.50,30:30:30
466,447,7.50,30:30:30
466,519,5.50,30:30:30
414,519,7.15,240:139:129
73,542,6.50,240:139:129
73,350,5.00,30:30:30
510,215,4.00,30:30:30
510,226,5.20,240:139:129
453,475,9.75,240:139:129
453,494,7.80,240:139:129
453,15,9.75,240:139:129
453,100,7.80,240:139:129
453,282,6.50,240:139:129
453,93,7.15,240:139:129
475,272,6.50,240:139:129
475,494,7.80,240:139:129
475,151,6.50,240:139:129
475,301,5.20,240:139:129
475,397,7.80,240:139:129
475,15,9.75,240:139:129
475,100,7.80,240:139:129
475,282,6.50,240:139:129
475,93,7.15,240:139:129
475,447,9.75,240:139:129
475,298,6.50,240:139:129
469,272,6.50,240:139:129
469,236,7.15,240:139:129
469,397,7.80,240:139:129
469,104,7.80,240:139:129
469,367,5.20,240:139:129
272,236,6.50,240:139:129
272,15,6.50,240:139:129
272,100,6.50,240:139:129
272,282,6.50,240:139:129
272,93,6.50,240:139:129
445,485,8.45,255:143:0
445,215,10.40,255:143:0
445,533,6.50,255:143:0
445,63,11.05,255:143:0
445,324,7.80,255:143:0
445,532,7.15,255:143:0
445,69,9.10,255:143:0
445,150,8.00,30:30:30
445,247,5.00,30:30:30
485,63,8.45,255:143:0
485,324,7.80,255:143:0
485,532,7.15,255:143:0
485,150,6.50,30:30:30
485,11,6.50,30:30:30
494,15,7.80,240:139:129
494,100,7.80,240:139:129
494,282,6.50,240:139:129
494,93,7.15,240:139:129
151,301,5.20,240:139:129
151,15,6.50,240:139:129
151,100,6.50,240:139:129
151,67,6.50,240:139:129
215,226,4.50,30:30:30
215,533,6.50,255:143:0
215,63,10.40,255:143:0
215,324,7.80,255:143:0
215,532,7.15,255:143:0
215,69,9.10,255:143:0
215,40,9.10,255:143:0
215,412,9.75,255:143:0
215,150,8.00,30:30:30
301,15,5.20,240:139:129
301,100,5.20,240:139:129
301,282,5.20,240:139:129
301,447,5.20,240:139:129
301,67,5.20,240:139:129
236,397,7.15,240:139:129
236,93,7.15,240:139:129
236,207,7.15,240:139:129
397,15,7.80,240:139:129
397,282,6.50,240:139:129
397,447,7.80,240:139:129
397,67,7.80,240:139:129
226,40,4.50,30:30:30
226,412,4.50,30:30:30
15,100,7.80,240:139:129
15,282,6.50,240:139:129
15,93,7.15,240:139:129
15,447,9.75,240:139:129
15,298,6.50,240:139:129
15,67,9.75,240:139:129
15,211,6.50,240:139:129
15,462,8.45,240:139:129
15,138,6.50,240:139:129
100,282,6.50,240:139:129
100,93,7.15,240:139:129
100,447,7.80,240:139:129
100,298,6.50,240:139:129
100,67,7.80,240:139:129
282,93,6.50,240:139:129
282,447,6.50,240:139:129
282,67,6.50,240:139:129
282,211,6.50,240:139:129
93,67,7.15,240:139:129
93,211,6.50,240:139:129
93,138,6.50,240:139:129
447,298,6.50,240:139:129
447,67,9.75,240:139:129
447,211,6.50,240:139:129
447,462,8.45,240:139:129
447,138,6.50,240:139:129
447,547,5.20,240:139:129
447,207,7.15,240:139:129
533,69,6.50,255:143:0
533,150,5.00,30:30:30
533,11,5.00,30:30:30
533,104,5.00,30:30:30
533,367,4.00,30:30:30
298,67,6.50,240:139:129
63,324,7.80,255:143:0
63,532,7.15,255:143:0
63,412,9.75,255:143:0
63,150,8.00,30:30:30
63,247,5.00,30:30:30
63,174,6.00,30:30:30
63,11,8.00,30:30:30
350,412,6.50,255:143:0
324,40,7.80,255:143:0
324,412,7.80,255:143:0
324,150,6.00,30:30:30
324,11,6.00,30:30:30
532,69,7.15,255:143:0
532,150,5.50,30:30:30
532,11,5.50,30:30:30
69,40,9.10,255:143:0
69,150,7.00,30:30:30
69,11,7.00,30:30:30
69,477,6.50,255:143:0
144,40,8.45,255:143:0
144,412,8.45,255:143:0
144,143,7.15,255:143:0
144,477,6.50,255:143:0
67,211,6.50,240:139:129
67,462,8.45,240:139:129
67,138,6.50,240:139:129
67,547,5.20,240:139:129
67,207,7.15,240:139:129
67,390,5.85,240:139:129
211,462,6.50,240:139:129
211,138,6.50,240:139:129
211,547,5.20,240:139:129
211,207,6.50,240:139:129
462,138,6.50,240:139:129
462,547,5.20,240:139:129
462,207,7.15,240:139:129
519,354,5.85,240:139:129
519,104,7.15,240:139:129
519,328,4.00,30:30:30
40,412,9.10,255:143:0
40,150,7.00,30:30:30
40,247,5.00,30:30:30
40,143,7.15,255:143:0
40,302,5.20,255:143:0
40,477,6.50,255:143:0
138,547,5.20,240:139:129
138,207,6.50,240:139:129
138,390,5.85,240:139:129
547,207,5.20,240:139:129
412,150,7.50,30:30:30
412,247,5.00,30:30:30
412,174,6.00,30:30:30
412,143,7.15,255:143:0
412,302,5.20,255:143:0
412,154,6.50,30:30:30
412,464,5.50,30:30:30
207,390,5.85,240:139:129
207,154,7.15,240:139:129
150,247,6.50,240:139:129
150,11,10.40,240:139:129
150,390,5.85,240:139:129
150,104,7.80,240:139:129
150,318,7.15,240:139:129
150,355,5.85,240:139:129
150,235,5.00,30:30:30
150,425,9.10,240:139:129
150,289,5.85,240:139:129
247,174,6.50,240:139:129
247,11,6.50,240:139:129
247,318,6.50,240:139:129
247,154,6.50,240:139:129
174,11,7.80,240:139:129
174,154,7.80,240:139:129
11,390,5.85,240:139:129
11,104,7.80,240:139:129
11,318,7.15,240:139:129
11,355,5.85,240:139:129
11,425,9.10,240:139:129
11,71,6.50,240:139:129
11,289,5.85,240:139:129
11,472,6.00,30:30:30
390,318,5.85,240:139:129
390,328,4.00,30:30:30
390,355,5.85,240:139:129
390,425,5.85,240:139:129
390,71,5.85,240:139:129
354,328,4.00,30:30:30
104,367,5.20,240:139:129
104,318,7.15,240:139:129
104,327,4.00,30:30:30
143,302,5.20,255:143:0
143,477,6.50,255:143:0
143,312,4.50,30:30:30
302,312,4.00,30:30:30
367,235,4.00,30:30:30
367,312,4.00,30:30:30
367,329,4.00,30:30:30
318,328,4.00,30:30:30
318,355,5.85,240:139:129
318,235,5.00,30:30:30
318,425,7.15,240:139:129
318,289,5.85,240:139:129
477,124,5.00,30:30:30
154,472,6.00,30:30:30
154,329,5.50,30:30:30
154,124,6.50,30:30:30
328,355,4.00,30:30:30
328,425,4.00,30:30:30
328,336,5.20,255:255:0
328,408,5.20,255:255:0
328,327,5.20,255:255:0
355,235,4.50,30:30:30
355,425,5.85,240:139:129
355,271,4.50,30:30:30
235,425,5.00,30:30:30
235,289,4.50,30:30:30
235,464,6.50,255:255:0
235,312,5.85,255:255:0
235,336,5.20,255:255:0
235,408,6.50,255:255:0
235,386,4.55,255:255:0
425,71,6.50,240:139:129
425,289,5.85,240:139:129
425,464,5.50,30:30:30
425,472,6.00,30:30:30
425,312,4.50,30:30:30
425,336,4.00,30:30:30
425,386,3.50,30:30:30
425,271,4.50,30:30:30
71,289,5.85,240:139:129
71,312,4.50,30:30:30
71,336,4.00,30:30:30
71,124,5.00,30:30:30
289,472,4.50,30:30:30
289,336,4.00,30:30:30
289,124,4.50,30:30:30
289,418,4.50,30:30:30
464,312,5.85,255:255:0
464,408,7.15,255:255:0
464,386,4.55,255:255:0
464,271,5.85,255:255:0
464,418,7.15,255:255:0
472,408,7.80,255:255:0
472,329,7.15,255:255:0
472,244,5.85,255:255:0
472,124,7.80,255:255:0
312,336,5.20,255:255:0
312,408,5.85,255:255:0
312,386,4.55,255:255:0
312,329,5.85,255:255:0
312,327,5.20,255:255:0
312,124,5.85,255:255:0
312,418,5.85,255:255:0
336,408,5.20,255:255:0
336,386,4.55,255:255:0
336,271,5.20,255:255:0
336,327,5.20,255:255:0
408,386,4.55,255:255:0
408,271,5.85,255:255:0
408,327,5.20,255:255:0
386,329,4.55,255:255:0
386,418,4.55,255:255:0
329,244,5.85,255:255:0
329,124,7.15,255:255:0
329,418,7.15,255:255:0
329,265,5.20,255:255:0
329,535,4.55,255:255:0
244,124,5.85,255:255:0
244,265,5.20,255:255:0
271,403,5.85,255:255:0
327,27,5.20,255:255:0
327,403,5.20,255:255:0
124,418,8.45,255:255:0
124,265,5.20,255:255:0
124,535,4.55,255:255:0
124,403,8.45,255:255:0
124,536,5.85,255:255:0
418,265,5.20,255:255:0
418,169,5.85,255:255:0
418,496,5.85,255:255:0
418,444,8.45,255:255:0
418,290,6.50,255:255:0
418,134,6.50,255:255:0
418,234,4.55,255:255:0
265,444,5.20,255:255:0
265,403,5.20,255:255:0
169,496,5.85,255:255:0
169,444,5.85,255:255:0
169,290,5.85,255:255:0
169,498,5.20,255:255:0
496,444,5.85,255:255:0
496,290,5.85,255:255:0
496,134,5.85,255:255:0
496,234,4.55,255:255:0
496,403,5.85,255:255:0
444,290,6.50,255:255:0
444,134,6.50,255:255:0
444,234,4.55,255:255:0
444,212,8.45,255:255:0
444,403,8.45,255:255:0
290,134,6.50,255:255:0
290,234,4.55,255:255:0
290,212,6.50,255:255:0
290,403,6.50,255:255:0
134,234,4.55,255:255:0
134,535,4.55,255:255:0
134,283,5.85,255:255:0
134,403,6.50,255:255:0
234,283,4.55,255:255:0
234,403,4.55,255:255:0
234,527,4.55,255:255:0
498,222,4.00,30:30:30
498,420,4.00,30:30:30
498,250,5.20,255:255:0
222,380,5.85,255:255:127
222,420,5.85,255:255:127
222,410,5.85,255:255:127
535,99,4.55,255:255:0
380,279,6.50,255:255:127
380,541,5.85,255:255:127
380,112,6.50,255:255:127
380,230,6.50,255:255:127
380,214,6.50,255:255:127
380,407,6.50,255:255:127
142,495,10.40,255:255:127
467,420,11.05,255:255:127
467,112,8.45,255:255:127
467,348,13.00,255:255:127
467,410,11.70,255:255:127
467,214,9.10,255:255:127
467,407,14.30,255:255:127
268,420,7.15,255:255:127
268,541,5.85,255:255:127
268,112,7.15,255:255:127
268,209,7.15,255:255:127
268,410,7.15,255:255:127
268,407,7.15,255:255:127
279,420,7.15,255:255:127
279,541,5.85,255:255:127
279,112,7.15,255:255:127
279,209,7.15,255:255:127
279,407,7.15,255:255:127
495,112,8.45,255:255:127
495,348,12.35,255:255:127
495,214,9.10,255:255:127
283,261,5.85,255:255:0
283,181,5.85,255:255:0
283,403,5.85,255:255:0
283,145,5.85,255:255:0
283,220,5.85,255:255:0
283,126,5.85,255:255:0
420,391,7.15,255:255:127
420,112,8.45,255:255:127
420,209,7.15,255:255:127
420,348,11.05,255:255:127
420,230,7.80,255:255:127
420,410,11.05,255:255:127
420,214,9.10,255:255:127
420,407,11.05,255:255:127
420,183,7.80,255:255:127
420,170,11.05,255:255:127
420,502,8.45,255:255:127
420,182,7.80,255:255:127
541,112,5.85,255:255:127
541,209,5.85,255:255:127
541,214,5.85,255:255:127
541,407,5.85,255:255:127
391,112,7.15,255:255:127
391,410,7.15,255:255:127
391,407,7.15,255:255:127
391,250,5.50,30:30:30
391,170,7.15,255:255:127
112,209,7.15,255:255:127
112,214,8.45,255:255:127
112,407,8.45,255:255:127
112,183,7.80,255:255:127
112,379,7.80,255:255:127
209,348,7.15,255:255:127
209,230,7.15,255:255:127
209,410,7.15,255:255:127
209,214,7.15,255:255:127
209,407,7.15,255:255:127
209,183,7.15,255:255:127
348,410,11.70,255:255:127
348,407,13.00,255:255:127
230,410,7.80,255:255:127
230,214,7.80,255:255:127
230,407,7.80,255:255:127
230,183,7.80,255:255:127
410,214,9.10,255:255:127
410,407,11.70,255:255:127
410,183,7.80,255:255:127
410,170,11.05,255:255:127
410,488,7.80,255:255:127
410,502,8.45,255:255:127
410,379,7.80,255:255:127
410,182,7.80,255:255:127
214,407,9.10,255:255:127
214,183,7.80,255:255:127
407,183,7.80,255:255:127
407,170,11.05,255:255:127
407,488,7.80,255:255:127
407,502,8.45,255:255:127
407,379,7.80,255:255:127
407,182,7.80,255:255:127
267,511,5.20,255:255:0
267,261,6.50,255:255:0
267,181,6.50,255:255:0
267,492,6.50,255:255:0
267,281,6.50,255:255:0
267,543,5.20,255:255:0
267,431,6.50,255:255:0
267,383,5.20,255:255:0
250,511,5.20,255:255:0
250,403,7.15,255:255:0
250,246,5.20,255:255:0
250,431,7.15,255:255:0
250,198,6.50,255:255:0
250,516,5.20,255:255:0
511,261,5.20,255:255:0
511,181,5.20,255:255:0
511,492,5.20,255:255:0
511,403,5.20,255:255:0
511,431,5.20,255:255:0
183,379,7.80,255:255:127
183,334,6.50,255:255:127
261,181,6.50,255:255:0
261,492,7.15,255:255:0
261,281,6.50,255:255:0
261,403,7.15,255:255:0
261,431,7.15,255:255:0
261,314,5.85,255:255:0
261,383,5.20,255:255:0
181,27,6.50,255:255:0
181,543,5.20,255:255:0
181,145,6.50,255:255:0
181,431,6.50,255:255:0
181,314,5.85,255:255:0
170,488,7.80,255:255:127
170,502,8.45,255:255:127
170,27,6.50,30:30:30
170,379,7.80,255:255:127
170,182,7.80,255:255:127
488,502,7.80,255:255:127
488,379,7.80,255:255:127
488,182,7.80,255:255:127
492,281,6.50,255:255:0
492,403,7.15,255:255:0
492,431,7.15,255:255:0
492,198,6.50,255:255:0
492,383,5.20,255:255:0
281,403,6.50,255:255:0
281,431,6.50,255:255:0
281,383,5.20,255:255:0
502,379,7.80,255:255:127
27,543,5.20,255:255:0
27,388,5.20,255:255:0
27,360,4.55,255:255:0
27,79,7.80,255:255:0
543,431,5.20,255:255:0
543,388,5.20,255:255:0
403,536,5.85,255:255:0
403,145,6.50,255:255:0
403,246,5.20,255:255:0
403,431,8.45,255:255:0
403,198,6.50,255:255:0
403,220,6.50,255:255:0
403,314,5.85,255:255:0
403,527,5.20,255:255:0
403,434,7.15,255:255:0
403,438,7.80,255:255:0
403,126,6.50,255:255:0
403,58,7.15,255:255:0
403,171,5.85,255:255:0
403,360,4.55,255:255:0
403,105,6.50,255:255:0
403,411,11.05,255:255:0
403,123,6.50,255:255:0
403,486,7.15,255:255:0
536,145,5.85,255:255:0
536,527,5.20,255:255:0
536,126,5.85,255:255:0
536,58,5.85,255:255:0
536,171,5.85,255:255:0
536,411,5.85,255:255:0
145,126,6.50,255:255:0
145,58,6.50,255:255:0
246,431,5.20,255:255:0
246,198,5.20,255:255:0
246,516,5.20,255:255:0
246,220,5.20,255:255:0
246,438,5.20,255:255:0
431,198,6.50,255:255:0
431,220,6.50,255:255:0
431,383,5.20,255:255:0
431,259,5.85,255:255:0
198,516,5.20,255:255:0
198,220,6.50,255:255:0
198,527,5.20,255:255:0
198,434,6.50,255:255:0
198,438,6.50,255:255:0
516,220,5.20,255:255:0
516,434,5.20,255:255:0
516,438,5.20,255:255:0
220,314,5.85,255:255:0
220,527,5.20,255:255:0
220,434,6.50,255:255:0
220,438,6.50,255:255:0
220,388,5.20,255:255:0
182,334,6.50,255:255:127
314,126,5.85,255:255:0
314,58,5.85,255:255:0
527,434,5.20,255:255:0
527,438,5.20,255:255:0
527,58,5.20,255:255:0
527,486,5.20,255:255:0
383,259,5.20,255:255:0
434,438,7.15,255:255:0
434,388,5.20,255:255:0
434,237,5.85,255:255:0
438,388,5.20,255:255:0
438,237,5.85,255:255:0
438,411,7.80,255:255:0
438,513,5.85,255:255:0
388,237,5.20,255:255:0
388,411,5.20,255:255:0
126,58,6.50,255:255:0
126,171,5.85,255:255:0
126,105,6.50,255:255:0
126,123,6.50,255:255:0
126,486,6.50,255:255:0
58,171,5.85,255:255:0
58,105,6.50,255:255:0
58,486,7.15,255:255:0
334,122,6.50,255:255:127
334,381,6.50,255:255:127
171,486,5.85,255:255:0
360,79,4.55,255:255:0
360,411,4.55,255:255:0
360,95,4.55,255:255:0
105,123,6.50,255:255:0
105,486,6.50,255:255:0
237,411,5.85,255:255:0
237,95,5.85,255:255:0
259,79,5.85,255:255:0
259,411,5.85,255:255:0
259,513,5.85,255:255:0
259,95,5.85,255:255:0
79,411,7.80,255:255:0
79,513,5.85,255:255:0
79,95,7.15,255:255:0
411,513,5.85,255:255:0
411,95,7.15,255:255:0
513,95,5.85,255:255:0
123,486,6.50,255:255:0
122,381,7.15,255:255:127
