[{"pk": 22, "model": "auth.permission", "fields": {"codename": "add_logentry", "name": "Can add log entry", "content_type": 8}}, {"pk": 23, "model": "auth.permission", "fields": {"codename": "change_logentry", "name": "Can change log entry", "content_type": 8}}, {"pk": 24, "model": "auth.permission", "fields": {"codename": "delete_logentry", "name": "Can delete log entry", "content_type": 8}}, {"pk": 4, "model": "auth.permission", "fields": {"codename": "add_group", "name": "Can add group", "content_type": 2}}, {"pk": 10, "model": "auth.permission", "fields": {"codename": "add_message", "name": "Can add message", "content_type": 4}}, {"pk": 1, "model": "auth.permission", "fields": {"codename": "add_permission", "name": "Can add permission", "content_type": 1}}, {"pk": 7, "model": "auth.permission", "fields": {"codename": "add_user", "name": "Can add user", "content_type": 3}}, {"pk": 5, "model": "auth.permission", "fields": {"codename": "change_group", "name": "Can change group", "content_type": 2}}, {"pk": 11, "model": "auth.permission", "fields": {"codename": "change_message", "name": "Can change message", "content_type": 4}}, {"pk": 2, "model": "auth.permission", "fields": {"codename": "change_permission", "name": "Can change permission", "content_type": 1}}, {"pk": 8, "model": "auth.permission", "fields": {"codename": "change_user", "name": "Can change user", "content_type": 3}}, {"pk": 6, "model": "auth.permission", "fields": {"codename": "delete_group", "name": "Can delete group", "content_type": 2}}, {"pk": 12, "model": "auth.permission", "fields": {"codename": "delete_message", "name": "Can delete message", "content_type": 4}}, {"pk": 3, "model": "auth.permission", "fields": {"codename": "delete_permission", "name": "Can delete permission", "content_type": 1}}, {"pk": 9, "model": "auth.permission", "fields": {"codename": "delete_user", "name": "Can delete user", "content_type": 3}}, {"pk": 37, "model": "auth.permission", "fields": {"codename": "add_category", "name": "Can add category", "content_type": 13}}, {"pk": 38, "model": "auth.permission", "fields": {"codename": "change_category", "name": "Can change category", "content_type": 13}}, {"pk": 39, "model": "auth.permission", "fields": {"codename": "delete_category", "name": "Can delete category", "content_type": 13}}, {"pk": 52, "model": "auth.permission", "fields": {"codename": "add_comment", "name": "Can add comment", "content_type": 18}}, {"pk": 53, "model": "auth.permission", "fields": {"codename": "change_comment", "name": "Can change comment", "content_type": 18}}, {"pk": 54, "model": "auth.permission", "fields": {"codename": "delete_comment", "name": "Can delete comment", "content_type": 18}}, {"pk": 13, "model": "auth.permission", "fields": {"codename": "add_contenttype", "name": "Can add content type", "content_type": 5}}, {"pk": 14, "model": "auth.permission", "fields": {"codename": "change_contenttype", "name": "Can change content type", "content_type": 5}}, {"pk": 15, "model": "auth.permission", "fields": {"codename": "delete_contenttype", "name": "Can delete content type", "content_type": 5}}, {"pk": 31, "model": "auth.permission", "fields": {"codename": "add_academicreference", "name": "Can add academic reference", "content_type": 11}}, {"pk": 28, "model": "auth.permission", "fields": {"codename": "add_author", "name": "Can add author", "content_type": 10}}, {"pk": 25, "model": "auth.permission", "fields": {"codename": "add_item", "name": "Can add item", "content_type": 9}}, {"pk": 34, "model": "auth.permission", "fields": {"codename": "add_profile", "name": "Can add profile", "content_type": 12}}, {"pk": 32, "model": "auth.permission", "fields": {"codename": "change_academicreference", "name": "Can change academic reference", "content_type": 11}}, {"pk": 29, "model": "auth.permission", "fields": {"codename": "change_author", "name": "Can change author", "content_type": 10}}, {"pk": 26, "model": "auth.permission", "fields": {"codename": "change_item", "name": "Can change item", "content_type": 9}}, {"pk": 35, "model": "auth.permission", "fields": {"codename": "change_profile", "name": "Can change profile", "content_type": 12}}, {"pk": 33, "model": "auth.permission", "fields": {"codename": "delete_academicreference", "name": "Can delete academic reference", "content_type": 11}}, {"pk": 30, "model": "auth.permission", "fields": {"codename": "delete_author", "name": "Can delete author", "content_type": 10}}, {"pk": 27, "model": "auth.permission", "fields": {"codename": "delete_item", "name": "Can delete item", "content_type": 9}}, {"pk": 36, "model": "auth.permission", "fields": {"codename": "delete_profile", "name": "Can delete profile", "content_type": 12}}, {"pk": 40, "model": "auth.permission", "fields": {"codename": "add_datarequest", "name": "Can add data request", "content_type": 14}}, {"pk": 41, "model": "auth.permission", "fields": {"codename": "change_datarequest", "name": "Can change data request", "content_type": 14}}, {"pk": 42, "model": "auth.permission", "fields": {"codename": "delete_datarequest", "name": "Can delete data request", "content_type": 14}}, {"pk": 43, "model": "auth.permission", "fields": {"codename": "add_dataset", "name": "Can add data set", "content_type": 15}}, {"pk": 49, "model": "auth.permission", "fields": {"codename": "add_datasetdownload", "name": "Can add data set download", "content_type": 17}}, {"pk": 46, "model": "auth.permission", "fields": {"codename": "add_datasetfile", "name": "Can add data set file", "content_type": 16}}, {"pk": 44, "model": "auth.permission", "fields": {"codename": "change_dataset", "name": "Can change data set", "content_type": 15}}, {"pk": 50, "model": "auth.permission", "fields": {"codename": "change_datasetdownload", "name": "Can change data set download", "content_type": 17}}, {"pk": 47, "model": "auth.permission", "fields": {"codename": "change_datasetfile", "name": "Can change data set file", "content_type": 16}}, {"pk": 45, "model": "auth.permission", "fields": {"codename": "delete_dataset", "name": "Can delete data set", "content_type": 15}}, {"pk": 51, "model": "auth.permission", "fields": {"codename": "delete_datasetdownload", "name": "Can delete data set download", "content_type": 17}}, {"pk": 48, "model": "auth.permission", "fields": {"codename": "delete_datasetfile", "name": "Can delete data set file", "content_type": 16}}, {"pk": 58, "model": "auth.permission", "fields": {"codename": "add_score", "name": "Can add score", "content_type": 20}}, {"pk": 55, "model": "auth.permission", "fields": {"codename": "add_vote", "name": "Can add vote", "content_type": 19}}, {"pk": 59, "model": "auth.permission", "fields": {"codename": "change_score", "name": "Can change score", "content_type": 20}}, {"pk": 56, "model": "auth.permission", "fields": {"codename": "change_vote", "name": "Can change vote", "content_type": 19}}, {"pk": 60, "model": "auth.permission", "fields": {"codename": "delete_score", "name": "Can delete score", "content_type": 20}}, {"pk": 57, "model": "auth.permission", "fields": {"codename": "delete_vote", "name": "Can delete vote", "content_type": 19}}, {"pk": 73, "model": "auth.permission", "fields": {"codename": "add_geoloc", "name": "Can add geo loc", "content_type": 25}}, {"pk": 74, "model": "auth.permission", "fields": {"codename": "change_geoloc", "name": "Can change geo loc", "content_type": 25}}, {"pk": 75, "model": "auth.permission", "fields": {"codename": "delete_geoloc", "name": "Can delete geo loc", "content_type": 25}}, {"pk": 64, "model": "auth.permission", "fields": {"codename": "add_message", "name": "Can add message", "content_type": 22}}, {"pk": 67, "model": "auth.permission", "fields": {"codename": "add_receivedmessage", "name": "Can add received message", "content_type": 23}}, {"pk": 70, "model": "auth.permission", "fields": {"codename": "add_sentmessage", "name": "Can add sent message", "content_type": 24}}, {"pk": 65, "model": "auth.permission", "fields": {"codename": "change_message", "name": "Can change message", "content_type": 22}}, {"pk": 68, "model": "auth.permission", "fields": {"codename": "change_receivedmessage", "name": "Can change received message", "content_type": 23}}, {"pk": 71, "model": "auth.permission", "fields": {"codename": "change_sentmessage", "name": "Can change sent message", "content_type": 24}}, {"pk": 66, "model": "auth.permission", "fields": {"codename": "delete_message", "name": "Can delete message", "content_type": 22}}, {"pk": 69, "model": "auth.permission", "fields": {"codename": "delete_receivedmessage", "name": "Can delete received message", "content_type": 23}}, {"pk": 72, "model": "auth.permission", "fields": {"codename": "delete_sentmessage", "name": "Can delete sent message", "content_type": 24}}, {"pk": 76, "model": "auth.permission", "fields": {"codename": "add_project", "name": "Can add project", "content_type": 26}}, {"pk": 79, "model": "auth.permission", "fields": {"codename": "add_projectdownload", "name": "Can add project download", "content_type": 27}}, {"pk": 77, "model": "auth.permission", "fields": {"codename": "change_project", "name": "Can change project", "content_type": 26}}, {"pk": 80, "model": "auth.permission", "fields": {"codename": "change_projectdownload", "name": "Can change project download", "content_type": 27}}, {"pk": 78, "model": "auth.permission", "fields": {"codename": "delete_project", "name": "Can delete project", "content_type": 26}}, {"pk": 81, "model": "auth.permission", "fields": {"codename": "delete_projectdownload", "name": "Can delete project download", "content_type": 27}}, {"pk": 16, "model": "auth.permission", "fields": {"codename": "add_session", "name": "Can add session", "content_type": 6}}, {"pk": 17, "model": "auth.permission", "fields": {"codename": "change_session", "name": "Can change session", "content_type": 6}}, {"pk": 18, "model": "auth.permission", "fields": {"codename": "delete_session", "name": "Can delete session", "content_type": 6}}, {"pk": 19, "model": "auth.permission", "fields": {"codename": "add_site", "name": "Can add site", "content_type": 7}}, {"pk": 20, "model": "auth.permission", "fields": {"codename": "change_site", "name": "Can change site", "content_type": 7}}, {"pk": 21, "model": "auth.permission", "fields": {"codename": "delete_site", "name": "Can delete site", "content_type": 7}}, {"pk": 82, "model": "auth.permission", "fields": {"codename": "add_migrationhistory", "name": "Can add migration history", "content_type": 28}}, {"pk": 83, "model": "auth.permission", "fields": {"codename": "change_migrationhistory", "name": "Can change migration history", "content_type": 28}}, {"pk": 84, "model": "auth.permission", "fields": {"codename": "delete_migrationhistory", "name": "Can delete migration history", "content_type": 28}}, {"pk": 61, "model": "auth.permission", "fields": {"codename": "add_tagging", "name": "Can add tagging", "content_type": 21}}, {"pk": 62, "model": "auth.permission", "fields": {"codename": "change_tagging", "name": "Can change tagging", "content_type": 21}}, {"pk": 63, "model": "auth.permission", "fields": {"codename": "delete_tagging", "name": "Can delete tagging", "content_type": 21}}, {"pk": 1, "model": "auth.user", "fields": {"username": "admin", "first_name": "", "last_name": "", "is_active": true, "is_superuser": false, "is_staff": false, "last_login": "2011-07-01 17:36:20", "groups": [], "user_permissions": [], "password": "sha1$fb8cf$f38ac34b295881d8db3a5add6bc2bee7c6a91e8a", "email": "admin@epic.edu", "date_joined": "2011-07-01 17:36:20"}}, {"pk": 2, "model": "auth.user", "fields": {"username": "bob", "first_name": "", "last_name": "", "is_active": true, "is_superuser": false, "is_staff": false, "last_login": "2011-07-01 17:36:20", "groups": [], "user_permissions": [], "password": "sha1$8ca3b$03d6819a8446c150ed7aad6580605222830cface", "email": "bob@bob.com", "date_joined": "2011-07-01 17:36:20"}}, {"pk": 3, "model": "auth.user", "fields": {"username": "bob2", "first_name": "", "last_name": "", "is_active": true, "is_superuser": false, "is_staff": false, "last_login": "2011-07-01 17:36:20", "groups": [], "user_permissions": [], "password": "sha1$21cb9$6ea0aa01e886b2554b93a7bf7e48ba0574245784", "email": "bob2@bob.com", "date_joined": "2011-07-01 17:36:20"}}, {"pk": 1, "model": "sites.site", "fields": {"domain": "example.com", "name": "example.com"}}, {"pk": 1, "model": "core.item", "fields": {"rendered_description": "The first canceled datarequest", "description": "The first canceled datarequest", "creator": 2, "created_at": "2011-07-01 17:36:20", "is_active": true, "name": "canceled_datarequest1", "slug": "canceled_datarequest1", "categories": [], "tagless_description": "The first canceled datarequest"}}, {"pk": 2, "model": "core.item", "fields": {"rendered_description": "The second canceled datarequest", "description": "The second canceled datarequest", "creator": 1, "created_at": "2011-07-01 17:36:20", "is_active": true, "name": "canceled_datarequest2", "slug": "canceled_datarequest2", "categories": [], "tagless_description": "The second canceled datarequest"}}, {"pk": 3, "model": "core.item", "fields": {"rendered_description": "The first fulfilled datarequest", "description": "The first fulfilled datarequest", "creator": 2, "created_at": "2011-07-01 17:36:20", "is_active": true, "name": "fulfilled_datarequest1", "slug": "fulfilled_datarequest1", "categories": [], "tagless_description": "The first fulfilled datarequest"}}, {"pk": 4, "model": "core.item", "fields": {"rendered_description": "The second fulfilled datarequest", "description": "The second fulfilled datarequest", "creator": 1, "created_at": "2011-07-01 17:36:20", "is_active": true, "name": "fulfilled_datarequest2", "slug": "fulfilled_datarequest2", "categories": [], "tagless_description": "The second fulfilled datarequest"}}, {"pk": 5, "model": "core.item", "fields": {"rendered_description": "The first unfulfilled datarequest", "description": "The first unfulfilled datarequest", "creator": 2, "created_at": "2011-07-01 17:36:20", "is_active": true, "name": "unfulfilled_datarequest1", "slug": "unfulfilled_datarequest1", "categories": [], "tagless_description": "The first unfulfilled datarequest"}}, {"pk": 6, "model": "core.item", "fields": {"rendered_description": "The second unfulfilled datarequest", "description": "The second unfulfilled datarequest", "creator": 1, "created_at": "2011-07-01 17:36:20", "is_active": true, "name": "unfulfilled_datarequest2", "slug": "unfulfilled_datarequest2", "categories": [], "tagless_description": "The second unfulfilled datarequest"}}, {"pk": 7, "model": "core.item", "fields": {"rendered_description": "this is the first dataset", "description": "this is the first dataset", "creator": 2, "created_at": "2011-07-01 17:36:20", "is_active": true, "name": "dataset1", "slug": "dataset1", "categories": [], "tagless_description": "this is the first dataset"}}, {"pk": 8, "model": "core.item", "fields": {"rendered_description": "this is the second dataset", "description": "this is the second dataset", "creator": 1, "created_at": "2011-07-01 17:36:20", "is_active": true, "name": "dataset2", "slug": "dataset2", "categories": [], "tagless_description": "this is the second dataset"}}, {"pk": 1, "model": "core.profile", "fields": {"affiliation": "", "activation_key": "420ff18e1e18c43160ea5d2b0d0a51a059d97700", "has_activated_account": false, "user": 1}}, {"pk": 2, "model": "core.profile", "fields": {"affiliation": "", "activation_key": "01128ba86da2e6ac3b6ab6c767954b1c4142c401", "has_activated_account": false, "user": 2}}, {"pk": 3, "model": "core.profile", "fields": {"affiliation": "", "activation_key": "8241d024ff40d1c07c33bda60eeae8c5aa0052a1", "has_activated_account": false, "user": 3}}, {"pk": 1, "model": "categories.category", "fields": {"created_at": "2011-06-25 15:26:43", "name": "Uncategorized", "slug": "", "description": "Items that do not fall under any other category"}}, {"pk": 2, "model": "categories.category", "fields": {"created_at": "2011-06-27 15:17:06", "name": "Behavioral sciences", "slug": "", "description": "Behavioral sciences"}}, {"pk": 3, "model": "categories.category", "fields": {"created_at": "2011-06-27 15:17:14", "name": "Computer science", "slug": "", "description": "Computer science"}}, {"pk": 4, "model": "categories.category", "fields": {"created_at": "2011-06-27 15:17:21", "name": "Critical care medicine", "slug": "", "description": "Critical care medicine"}}, {"pk": 5, "model": "categories.category", "fields": {"created_at": "2011-06-27 15:17:28", "name": "Demography", "slug": "", "description": "Demography"}}, {"pk": 6, "model": "categories.category", "fields": {"created_at": "2011-06-27 15:17:32", "name": "Epidemiology", "slug": "", "description": "Epidemiology"}}, {"pk": 7, "model": "categories.category", "fields": {"created_at": "2011-06-27 15:17:37", "name": "Geography", "slug": "", "description": "Geography"}}, {"pk": 8, "model": "categories.category", "fields": {"created_at": "2011-06-27 15:17:44", "name": "Health policy & services", "slug": "", "description": "Health policy & services"}}, {"pk": 9, "model": "categories.category", "fields": {"created_at": "2011-06-27 15:17:49", "name": "Healthcare sciences & services", "slug": "", "description": "Healthcare sciences & services"}}, {"pk": 10, "model": "categories.category", "fields": {"created_at": "2011-06-27 15:17:54", "name": "Immunology", "slug": "", "description": "Immunology"}}, {"pk": 11, "model": "categories.category", "fields": {"created_at": "2011-06-27 15:18:00", "name": "Information science & library science", "slug": "", "description": "Information science & library science"}}, {"pk": 12, "model": "categories.category", "fields": {"created_at": "2011-06-27 15:18:09", "name": "International health", "slug": "", "description": "International health"}}, {"pk": 13, "model": "categories.category", "fields": {"created_at": "2011-06-27 15:18:15", "name": "Mathematical & computational biology", "slug": "", "description": "Mathematical & computational biology"}}, {"pk": 14, "model": "categories.category", "fields": {"created_at": "2011-06-27 15:18:22", "name": "Medicine", "slug": "", "description": "Medicine"}}, {"pk": 15, "model": "categories.category", "fields": {"created_at": "2011-06-27 15:18:27", "name": "Parasitology", "slug": "", "description": "Parasitology"}}, {"pk": 16, "model": "categories.category", "fields": {"created_at": "2011-06-27 15:18:32", "name": "Pathology", "slug": "", "description": "Pathology"}}, {"pk": 17, "model": "categories.category", "fields": {"created_at": "2011-06-27 15:18:38", "name": "Pediatrics", "slug": "", "description": "Pediatrics"}}, {"pk": 18, "model": "categories.category", "fields": {"created_at": "2011-06-27 15:18:44", "name": "Public health", "slug": "", "description": "Public health"}}, {"pk": 19, "model": "categories.category", "fields": {"created_at": "2011-06-27 15:18:50", "name": "Psychology", "slug": "", "description": "Psychology"}}, {"pk": 20, "model": "categories.category", "fields": {"created_at": "2011-06-27 15:19:02", "name": "Substance abuse", "slug": "", "description": "Substance abuse"}}, {"pk": 21, "model": "categories.category", "fields": {"created_at": "2011-06-27 15:19:12", "name": "Survey", "slug": "", "description": "Survey"}}, {"pk": 22, "model": "categories.category", "fields": {"created_at": "2011-06-27 15:19:19", "name": "Transportation science & technology", "slug": "", "description": "Transportation science & technology"}}, {"pk": 23, "model": "categories.category", "fields": {"created_at": "2011-06-27 15:19:23", "name": "Virology", "slug": "", "description": "Virology"}}, {"pk": 24, "model": "categories.category", "fields": {"created_at": "2011-06-27 15:19:31", "name": "Emotion", "slug": "", "description": "Emotion"}}, {"pk": 25, "model": "categories.category", "fields": {"created_at": "2011-06-27 15:19:37", "name": "Beliefs", "slug": "", "description": "Beliefs"}}, {"pk": 26, "model": "categories.category", "fields": {"created_at": "2011-06-27 15:19:41", "name": "Memory", "slug": "", "description": "Memory"}}, {"pk": 27, "model": "categories.category", "fields": {"created_at": "2011-06-27 15:19:47", "name": "Attitudes", "slug": "", "description": "Attitudes"}}, {"pk": 28, "model": "categories.category", "fields": {"created_at": "2011-06-27 15:19:53", "name": "Behavior", "slug": "", "description": "Behavior"}}, {"pk": 1, "model": "datarequests.datarequest", "fields": {"status": "C", "fulfilling_item": null, "categories": []}}, {"pk": 2, "model": "datarequests.datarequest", "fields": {"status": "C", "fulfilling_item": null, "categories": []}}, {"pk": 3, "model": "datarequests.datarequest", "fields": {"status": "F", "fulfilling_item": null, "categories": []}}, {"pk": 4, "model": "datarequests.datarequest", "fields": {"status": "F", "fulfilling_item": null, "categories": []}}, {"pk": 5, "model": "datarequests.datarequest", "fields": {"status": "U", "fulfilling_item": null, "categories": []}}, {"pk": 6, "model": "datarequests.datarequest", "fields": {"status": "U", "fulfilling_item": null, "categories": []}}, {"pk": 7, "model": "datasets.dataset", "fields": {"geolocations": [], "previous_version": null, "next_version": null, "rating_score": 0, "rating_votes": 0, "categories": []}}, {"pk": 8, "model": "datasets.dataset", "fields": {"geolocations": [], "previous_version": null, "next_version": null, "rating_score": 0, "rating_votes": 0, "categories": []}}]
