[{"pk": 22, "model": "auth.permission", "fields": {"codename": "add_logentry", "name": "Can add log entry", "content_type": 8}}, {"pk": 23, "model": "auth.permission", "fields": {"codename": "change_logentry", "name": "Can change log entry", "content_type": 8}}, {"pk": 24, "model": "auth.permission", "fields": {"codename": "delete_logentry", "name": "Can delete log entry", "content_type": 8}}, {"pk": 4, "model": "auth.permission", "fields": {"codename": "add_group", "name": "Can add group", "content_type": 2}}, {"pk": 10, "model": "auth.permission", "fields": {"codename": "add_message", "name": "Can add message", "content_type": 4}}, {"pk": 1, "model": "auth.permission", "fields": {"codename": "add_permission", "name": "Can add permission", "content_type": 1}}, {"pk": 7, "model": "auth.permission", "fields": {"codename": "add_user", "name": "Can add user", "content_type": 3}}, {"pk": 5, "model": "auth.permission", "fields": {"codename": "change_group", "name": "Can change group", "content_type": 2}}, {"pk": 11, "model": "auth.permission", "fields": {"codename": "change_message", "name": "Can change message", "content_type": 4}}, {"pk": 2, "model": "auth.permission", "fields": {"codename": "change_permission", "name": "Can change permission", "content_type": 1}}, {"pk": 8, "model": "auth.permission", "fields": {"codename": "change_user", "name": "Can change user", "content_type": 3}}, {"pk": 6, "model": "auth.permission", "fields": {"codename": "delete_group", "name": "Can delete group", "content_type": 2}}, {"pk": 12, "model": "auth.permission", "fields": {"codename": "delete_message", "name": "Can delete message", "content_type": 4}}, {"pk": 3, "model": "auth.permission", "fields": {"codename": "delete_permission", "name": "Can delete permission", "content_type": 1}}, {"pk": 9, "model": "auth.permission", "fields": {"codename": "delete_user", "name": "Can delete user", "content_type": 3}}, {"pk": 37, "model": "auth.permission", "fields": {"codename": "add_category", "name": "Can add category", "content_type": 13}}, {"pk": 38, "model": "auth.permission", "fields": {"codename": "change_category", "name": "Can change category", "content_type": 13}}, {"pk": 39, "model": "auth.permission", "fields": {"codename": "delete_category", "name": "Can delete category", "content_type": 13}}, {"pk": 52, "model": "auth.permission", "fields": {"codename": "add_comment", "name": "Can add comment", "content_type": 18}}, {"pk": 53, "model": "auth.permission", "fields": {"codename": "change_comment", "name": "Can change comment", "content_type": 18}}, {"pk": 54, "model": "auth.permission", "fields": {"codename": "delete_comment", "name": "Can delete comment", "content_type": 18}}, {"pk": 13, "model": "auth.permission", "fields": {"codename": "add_contenttype", "name": "Can add content type", "content_type": 5}}, {"pk": 14, "model": "auth.permission", "fields": {"codename": "change_contenttype", "name": "Can change content type", "content_type": 5}}, {"pk": 15, "model": "auth.permission", "fields": {"codename": "delete_contenttype", "name": "Can delete content type", "content_type": 5}}, {"pk": 31, "model": "auth.permission", "fields": {"codename": "add_academicreference", "name": "Can add academic reference", "content_type": 11}}, {"pk": 28, "model": "auth.permission", "fields": {"codename": "add_author", "name": "Can add author", "content_type": 10}}, {"pk": 25, "model": "auth.permission", "fields": {"codename": "add_item", "name": "Can add item", "content_type": 9}}, {"pk": 34, "model": "auth.permission", "fields": {"codename": "add_profile", "name": "Can add profile", "content_type": 12}}, {"pk": 32, "model": "auth.permission", "fields": {"codename": "change_academicreference", "name": "Can change academic reference", "content_type": 11}}, {"pk": 29, "model": "auth.permission", "fields": {"codename": "change_author", "name": "Can change author", "content_type": 10}}, {"pk": 26, "model": "auth.permission", "fields": {"codename": "change_item", "name": "Can change item", "content_type": 9}}, {"pk": 35, "model": "auth.permission", "fields": {"codename": "change_profile", "name": "Can change profile", "content_type": 12}}, {"pk": 33, "model": "auth.permission", "fields": {"codename": "delete_academicreference", "name": "Can delete academic reference", "content_type": 11}}, {"pk": 30, "model": "auth.permission", "fields": {"codename": "delete_author", "name": "Can delete author", "content_type": 10}}, {"pk": 27, "model": "auth.permission", "fields": {"codename": "delete_item", "name": "Can delete item", "content_type": 9}}, {"pk": 36, "model": "auth.permission", "fields": {"codename": "delete_profile", "name": "Can delete profile", "content_type": 12}}, {"pk": 40, "model": "auth.permission", "fields": {"codename": "add_datarequest", "name": "Can add data request", "content_type": 14}}, {"pk": 41, "model": "auth.permission", "fields": {"codename": "change_datarequest", "name": "Can change data request", "content_type": 14}}, {"pk": 42, "model": "auth.permission", "fields": {"codename": "delete_datarequest", "name": "Can delete data request", "content_type": 14}}, {"pk": 43, "model": "auth.permission", "fields": {"codename": "add_dataset", "name": "Can add data set", "content_type": 15}}, {"pk": 49, "model": "auth.permission", "fields": {"codename": "add_datasetdownload", "name": "Can add data set download", "content_type": 17}}, {"pk": 46, "model": "auth.permission", "fields": {"codename": "add_datasetfile", "name": "Can add data set file", "content_type": 16}}, {"pk": 44, "model": "auth.permission", "fields": {"codename": "change_dataset", "name": "Can change data set", "content_type": 15}}, {"pk": 50, "model": "auth.permission", "fields": {"codename": "change_datasetdownload", "name": "Can change data set download", "content_type": 17}}, {"pk": 47, "model": "auth.permission", "fields": {"codename": "change_datasetfile", "name": "Can change data set file", "content_type": 16}}, {"pk": 45, "model": "auth.permission", "fields": {"codename": "delete_dataset", "name": "Can delete data set", "content_type": 15}}, {"pk": 51, "model": "auth.permission", "fields": {"codename": "delete_datasetdownload", "name": "Can delete data set download", "content_type": 17}}, {"pk": 48, "model": "auth.permission", "fields": {"codename": "delete_datasetfile", "name": "Can delete data set file", "content_type": 16}}, {"pk": 58, "model": "auth.permission", "fields": {"codename": "add_score", "name": "Can add score", "content_type": 20}}, {"pk": 55, "model": "auth.permission", "fields": {"codename": "add_vote", "name": "Can add vote", "content_type": 19}}, {"pk": 59, "model": "auth.permission", "fields": {"codename": "change_score", "name": "Can change score", "content_type": 20}}, {"pk": 56, "model": "auth.permission", "fields": {"codename": "change_vote", "name": "Can change vote", "content_type": 19}}, {"pk": 60, "model": "auth.permission", "fields": {"codename": "delete_score", "name": "Can delete score", "content_type": 20}}, {"pk": 57, "model": "auth.permission", "fields": {"codename": "delete_vote", "name": "Can delete vote", "content_type": 19}}, {"pk": 73, "model": "auth.permission", "fields": {"codename": "add_geoloc", "name": "Can add geo loc", "content_type": 25}}, {"pk": 74, "model": "auth.permission", "fields": {"codename": "change_geoloc", "name": "Can change geo loc", "content_type": 25}}, {"pk": 75, "model": "auth.permission", "fields": {"codename": "delete_geoloc", "name": "Can delete geo loc", "content_type": 25}}, {"pk": 64, "model": "auth.permission", "fields": {"codename": "add_message", "name": "Can add message", "content_type": 22}}, {"pk": 67, "model": "auth.permission", "fields": {"codename": "add_receivedmessage", "name": "Can add received message", "content_type": 23}}, {"pk": 70, "model": "auth.permission", "fields": {"codename": "add_sentmessage", "name": "Can add sent message", "content_type": 24}}, {"pk": 65, "model": "auth.permission", "fields": {"codename": "change_message", "name": "Can change message", "content_type": 22}}, {"pk": 68, "model": "auth.permission", "fields": {"codename": "change_receivedmessage", "name": "Can change received message", "content_type": 23}}, {"pk": 71, "model": "auth.permission", "fields": {"codename": "change_sentmessage", "name": "Can change sent message", "content_type": 24}}, {"pk": 66, "model": "auth.permission", "fields": {"codename": "delete_message", "name": "Can delete message", "content_type": 22}}, {"pk": 69, "model": "auth.permission", "fields": {"codename": "delete_receivedmessage", "name": "Can delete received message", "content_type": 23}}, {"pk": 72, "model": "auth.permission", "fields": {"codename": "delete_sentmessage", "name": "Can delete sent message", "content_type": 24}}, {"pk": 76, "model": "auth.permission", "fields": {"codename": "add_project", "name": "Can add project", "content_type": 26}}, {"pk": 79, "model": "auth.permission", "fields": {"codename": "add_projectdownload", "name": "Can add project download", "content_type": 27}}, {"pk": 77, "model": "auth.permission", "fields": {"codename": "change_project", "name": "Can change project", "content_type": 26}}, {"pk": 80, "model": "auth.permission", "fields": {"codename": "change_projectdownload", "name": "Can change project download", "content_type": 27}}, {"pk": 78, "model": "auth.permission", "fields": {"codename": "delete_project", "name": "Can delete project", "content_type": 26}}, {"pk": 81, "model": "auth.permission", "fields": {"codename": "delete_projectdownload", "name": "Can delete project download", "content_type": 27}}, {"pk": 16, "model": "auth.permission", "fields": {"codename": "add_session", "name": "Can add session", "content_type": 6}}, {"pk": 17, "model": "auth.permission", "fields": {"codename": "change_session", "name": "Can change session", "content_type": 6}}, {"pk": 18, "model": "auth.permission", "fields": {"codename": "delete_session", "name": "Can delete session", "content_type": 6}}, {"pk": 19, "model": "auth.permission", "fields": {"codename": "add_site", "name": "Can add site", "content_type": 7}}, {"pk": 20, "model": "auth.permission", "fields": {"codename": "change_site", "name": "Can change site", "content_type": 7}}, {"pk": 21, "model": "auth.permission", "fields": {"codename": "delete_site", "name": "Can delete site", "content_type": 7}}, {"pk": 82, "model": "auth.permission", "fields": {"codename": "add_migrationhistory", "name": "Can add migration history", "content_type": 28}}, {"pk": 83, "model": "auth.permission", "fields": {"codename": "change_migrationhistory", "name": "Can change migration history", "content_type": 28}}, {"pk": 84, "model": "auth.permission", "fields": {"codename": "delete_migrationhistory", "name": "Can delete migration history", "content_type": 28}}, {"pk": 61, "model": "auth.permission", "fields": {"codename": "add_tagging", "name": "Can add tagging", "content_type": 21}}, {"pk": 62, "model": "auth.permission", "fields": {"codename": "change_tagging", "name": "Can change tagging", "content_type": 21}}, {"pk": 63, "model": "auth.permission", "fields": {"codename": "delete_tagging", "name": "Can delete tagging", "content_type": 21}}, {"pk": 1, "model": "auth.user", "fields": {"username": "mark", "first_name": "Mark", "last_name": "Price", "is_active": true, "is_superuser": false, "is_staff": false, "last_login": "2011-07-06 18:14:37", "groups": [], "user_permissions": [], "password": "sha1$c2eff$51dcd88637cdfe002c441410f8efbf02b8998292", "email": "mark@gmail.com", "date_joined": "2011-07-06 18:14:37"}}, {"pk": 2, "model": "auth.user", "fields": {"username": "bob", "first_name": "", "last_name": "", "is_active": true, "is_superuser": false, "is_staff": false, "last_login": "2011-07-06 18:14:37", "groups": [], "user_permissions": [], "password": "sha1$c0334$0f7466732a665089e3e2b80a029db79840ac9b03", "email": "bob@bob.com", "date_joined": "2011-07-06 18:14:37"}}, {"pk": 3, "model": "auth.user", "fields": {"username": "bob2", "first_name": "", "last_name": "", "is_active": true, "is_superuser": false, "is_staff": false, "last_login": "2011-07-06 18:14:37", "groups": [], "user_permissions": [], "password": "sha1$b5c8a$fe9a2f921cf141c68cf7f07f162a73437204c2c7", "email": "bob2@bob.com", "date_joined": "2011-07-06 18:14:37"}}, {"pk": 4, "model": "auth.user", "fields": {"username": "bill", "first_name": "", "last_name": "", "is_active": true, "is_superuser": false, "is_staff": false, "last_login": "2011-07-06 18:14:37", "groups": [], "user_permissions": [], "password": "sha1$105ba$d7b2e57809f25739a6351054f14b06a498f67a82", "email": "bill@bill.com", "date_joined": "2011-07-06 18:14:37"}}, {"pk": 1, "model": "sites.site", "fields": {"domain": "example.com", "name": "example.com"}}, {"pk": 1, "model": "core.item", "fields": {"rendered_description": "dataset number one", "description": "dataset number one", "creator": 2, "created_at": "2011-07-06 18:14:37", "is_active": true, "name": "dataset1", "slug": "dataset1", "categories": [], "tagless_description": "dataset number one"}}, {"pk": 2, "model": "core.item", "fields": {"rendered_description": "dataset number two", "description": "dataset number two", "creator": 4, "created_at": "2011-07-06 18:14:37", "is_active": true, "name": "dataset2", "slug": "dataset2", "categories": [], "tagless_description": "dataset number two"}}, {"pk": 1, "model": "core.profile", "fields": {"affiliation": "CNS", "activation_key": "f321751e19e5ab5c272e42ba74ab51f55c5d8f84", "has_activated_account": false, "user": 1}}, {"pk": 2, "model": "core.profile", "fields": {"affiliation": "", "activation_key": "d40a669d8382ca9281a485485220d9d9fee441d0", "has_activated_account": false, "user": 2}}, {"pk": 3, "model": "core.profile", "fields": {"affiliation": "", "activation_key": "bc9e1a64d253ac1de2a25c7b36a98c66528050c5", "has_activated_account": false, "user": 3}}, {"pk": 4, "model": "core.profile", "fields": {"affiliation": "", "activation_key": "5d3ec45fecf6e4b9b19729ea2f691cb9f54f3e72", "has_activated_account": false, "user": 4}}, {"pk": 1, "model": "categories.category", "fields": {"created_at": "2011-07-06 17:28:47", "name": "Uncategorized", "slug": "uncategorized", "description": "Items that do not fall under any other category"}}, {"pk": 2, "model": "categories.category", "fields": {"created_at": "2011-07-06 17:28:47", "name": "Behavioral sciences", "slug": "behavioral-sciences", "description": "Behavioral sciences"}}, {"pk": 3, "model": "categories.category", "fields": {"created_at": "2011-07-06 17:28:47", "name": "Computer science", "slug": "computer-science", "description": "Computer science"}}, {"pk": 4, "model": "categories.category", "fields": {"created_at": "2011-07-06 17:28:47", "name": "Critical care medicine", "slug": "critical-care-medicine", "description": "Critical care medicine"}}, {"pk": 5, "model": "categories.category", "fields": {"created_at": "2011-07-06 17:28:47", "name": "Demography", "slug": "demography", "description": "Demography"}}, {"pk": 6, "model": "categories.category", "fields": {"created_at": "2011-07-06 17:28:47", "name": "Epidemiology", "slug": "epidemiology", "description": "Epidemiology"}}, {"pk": 7, "model": "categories.category", "fields": {"created_at": "2011-07-06 17:28:47", "name": "Geography", "slug": "geography", "description": "Geography"}}, {"pk": 8, "model": "categories.category", "fields": {"created_at": "2011-07-06 17:28:47", "name": "Health policy & services", "slug": "health-policy-services", "description": "Health policy & services"}}, {"pk": 9, "model": "categories.category", "fields": {"created_at": "2011-07-06 17:28:47", "name": "Healthcare sciences & services", "slug": "healthcare-sciences-services", "description": "Healthcare sciences & services"}}, {"pk": 10, "model": "categories.category", "fields": {"created_at": "2011-07-06 17:28:47", "name": "Immunology", "slug": "immunology", "description": "Immunology"}}, {"pk": 11, "model": "categories.category", "fields": {"created_at": "2011-07-06 17:28:47", "name": "Information science & library science", "slug": "information-science-library-science", "description": "Information science & library science"}}, {"pk": 12, "model": "categories.category", "fields": {"created_at": "2011-07-06 17:28:47", "name": "International health", "slug": "international-health", "description": "International health"}}, {"pk": 13, "model": "categories.category", "fields": {"created_at": "2011-07-06 17:28:47", "name": "Mathematical & computational biology", "slug": "mathematical-computational-biology", "description": "Mathematical & computational biology"}}, {"pk": 14, "model": "categories.category", "fields": {"created_at": "2011-07-06 17:28:47", "name": "Medicine", "slug": "medicine", "description": "Medicine"}}, {"pk": 15, "model": "categories.category", "fields": {"created_at": "2011-07-06 17:28:47", "name": "Parasitology", "slug": "parasitology", "description": "Parasitology"}}, {"pk": 16, "model": "categories.category", "fields": {"created_at": "2011-07-06 17:28:47", "name": "Pathology", "slug": "pathology", "description": "Pathology"}}, {"pk": 17, "model": "categories.category", "fields": {"created_at": "2011-07-06 17:28:47", "name": "Pediatrics", "slug": "pediatrics", "description": "Pediatrics"}}, {"pk": 18, "model": "categories.category", "fields": {"created_at": "2011-07-06 17:28:47", "name": "Public health", "slug": "public-health", "description": "Public health"}}, {"pk": 19, "model": "categories.category", "fields": {"created_at": "2011-07-06 17:28:47", "name": "Psychology", "slug": "psychology", "description": "Psychology"}}, {"pk": 20, "model": "categories.category", "fields": {"created_at": "2011-07-06 17:28:47", "name": "Substance abuse", "slug": "substance-abuse", "description": "Substance abuse"}}, {"pk": 21, "model": "categories.category", "fields": {"created_at": "2011-07-06 17:28:47", "name": "Survey", "slug": "survey", "description": "Survey"}}, {"pk": 22, "model": "categories.category", "fields": {"created_at": "2011-07-06 17:28:47", "name": "Transportation science & technology", "slug": "transportation-science-technology", "description": "Transportation science & technology"}}, {"pk": 23, "model": "categories.category", "fields": {"created_at": "2011-07-06 17:28:47", "name": "Virology", "slug": "virology", "description": "Virology"}}, {"pk": 24, "model": "categories.category", "fields": {"created_at": "2011-07-06 17:28:47", "name": "Emotion", "slug": "emotion", "description": "Emotion"}}, {"pk": 25, "model": "categories.category", "fields": {"created_at": "2011-07-06 17:28:47", "name": "Beliefs", "slug": "beliefs", "description": "Beliefs"}}, {"pk": 26, "model": "categories.category", "fields": {"created_at": "2011-07-06 17:28:47", "name": "Memory", "slug": "memory", "description": "Memory"}}, {"pk": 27, "model": "categories.category", "fields": {"created_at": "2011-07-06 17:28:47", "name": "Attitudes", "slug": "attitudes", "description": "Attitudes"}}, {"pk": 28, "model": "categories.category", "fields": {"created_at": "2011-07-06 17:28:47", "name": "Behavior", "slug": "behavior", "description": "Behavior"}}, {"pk": 1, "model": "datasets.dataset", "fields": {"geolocations": [], "previous_version": null, "next_version": null, "rating_score": 0, "rating_votes": 0, "categories": []}}, {"pk": 2, "model": "datasets.dataset", "fields": {"geolocations": [], "previous_version": null, "next_version": null, "rating_score": 0, "rating_votes": 0, "categories": []}}, {"pk": 1, "model": "tags.tagging", "fields": {"item": 1, "created_at": "2011-07-06 18:14:37", "tag": "tag1", "user": 2}}, {"pk": 2, "model": "tags.tagging", "fields": {"item": 1, "created_at": "2011-07-06 18:14:37", "tag": "tag2", "user": 2}}, {"pk": 3, "model": "tags.tagging", "fields": {"item": 1, "created_at": "2011-07-06 18:14:37", "tag": "tag3", "user": 4}}, {"pk": 4, "model": "tags.tagging", "fields": {"item": 2, "created_at": "2011-07-06 18:14:37", "tag": "tag3", "user": 4}}, {"pk": 5, "model": "tags.tagging", "fields": {"item": 2, "created_at": "2011-07-06 18:14:37", "tag": "tag4", "user": 2}}]
